i,j,count
'US','US',6592788
'IN','IN',1375358
'GB','GB',1014896
'CO','CO',687697
'ZA','ZA',269271
'GB','US',261883
'US','GB',228077
'CA','CA',185536
'US','CA',136135
'TR','TR',115972
'JP','JP',115151
'AU','AU',101220
'IN','US',99852
'DE','DE',95779
'HK','HK',95149
'US','IN',88797
'CU','CU',81384
'CA','US',75369
'MY','MY',68483
'ID','ID',61104
'KE','KE',53375
'TH','TH',44580
'SA','SA',42960
'US','ZA',42418
'US','AU',40132
'IT','IT',39247
'AU','US',30879
'NG','NG',26672
'PA','PA',26108
'US','DE',24817
'MX','MX',24354
'US','JP',23498
'BR','BR',21609
'US','NG',21557
'US','CO',21557
'HK','US',20692
'GB','NG',20505
'GB','IN',19845
'VE','VE',19171
'ES','ES',19110
'ZA','US',18191
'NL','NL',17978
'US','IT',17624
'US','NL',17136
'DE','US',16948
'US','MY',16698
'PK','PK',16112
'US','MX',16035
'NL','US',15148
'US','KE',14005
'KR','US',13069
'GB','AU',12972
'US','PR',12758
'BE','BE',12730
'GB','HK',12648
'MX','US',12305
'US','HK',11872
'FR','US',11758
'IT','US',11703
'NG','US',11539
'MX','GB',11272
'GB','CA',11134
'US','ID',11039
'US','ES',10269
'US','TR',10241
'US','FR',9888
'ID','US',9716
'SE','SE',9607
'PH','PH',9347
'AU','GB',9187
'CO','US',9133
'MY','US',8856
'GB','MY',8839
'US','BR',8735
'HK','GB',8467
'AR','AR',8403
'FR','FR',8267
'DK','DK',7753
'PL','PL',7700
'US','PH',7618
'ZW','ZW',7420
'NP','NP',7039
'GB','DE',7020
'KE','US',6549
'CA','GB',6155
'HK','IN',6113
'US','TH',6105
'SI','SI',5969
'DE','GB',5771
'JP','US',5755
'US','SE',5402
'BR','US',5229
'US','CH',5215
'CH','CH',5024
'CL','CL',4808
'US','NO',4785
'US','IE',4755
'CN','US',4707
'US','PK',4704
'PT','PT',4702
'KR','KR',4579
'TH','US',4440
'PH','US',4360
'GB','CO',4348
'GB','MX',4305
'EG','EG',4285
'CH','US',4042
'US','PL',3884
'BD','BD',3852
'IQ','IQ',3818
'US','PT',3769
'DE','CH',3690
'US','NZ',3661
'IN','GB',3416
'AT','DE',3394
'ES','US',3388
'BN','BN',3338
'GB','FR',3253
'US','BE',3247
'GB','ES',3204
'US','GR',3198
'US','KR',3163
'GB','IT',3140
'US','CL',3057
'BE','US',3005
'IN','CA',2985
'IT','GB',2954
'US','AT',2954
'CO','VE',2943
'GR','GB',2899
'IL','US',2855
'RU','RU',2766
'US','CN',2765
'GB','ZA',2672
'AU','HK',2619
'GB','SE',2593
'PR','PR',2582
'US','SA',2515
'GB','TR',2458
'US','SG',2442
'IN','SA',2417
'US','PA',2415
'ZW','NG',2411
'CH','DE',2409
'US','VE',2407
'NO','US',2384
'CA','IN',2379
'TR','US',2312
'GB','GR',2307
'DE','AT',2291
'HK','TW',2261
'PL','US',2243
'GB','JP',2232
'PS','US',2229
'IE','IE',2144
'CN','IN',2130
'ZA','ZW',2122
'NZ','NZ',2120
'GB','IE',2115
'SE','US',2097
'US','EG',2058
'IN','AU',2038
'US','AE',1986
'PR','US',1976
'PK','US',1976
'US','AR',1916
'GB','KE',1880
'US','GH',1821
'KR','IN',1773
'NZ','US',1753
'GB','GH',1744
'ZA','KE',1719
'NG','GB',1681
'AU','CA',1628
'GB','PK',1608
'CA','AU',1595
'VE','CO',1590
'FJ','US',1577
'US','DK',1560
'GB','NL',1536
'US','CU',1523
'ZA','GB',1504
'IN','NG',1501
'HK','CA',1470
'IN','PK',1457
'PL','GB',1447
'GB','ID',1431
'KW','SA',1420
'AU','IN',1417
'US','IQ',1404
'US','IL',1366
'IE','US',1354
'US','RU',1338
'LB','US',1329
'DE','IN',1325
'GB','NO',1324
'IN','NP',1317
'GR','GR',1315
'IE','GB',1315
'US','SI',1314
'ES','GB',1312
'ES','CO',1312
'DJ','DJ',1254
'US','TW',1252
'US','DO',1214
'US','RS',1194
'IT','ID',1186
'MX','CO',1172
'DK','HK',1161
'AU','ID',1156
'IN','KW',1150
'CU','US',1148
'CO','ES',1144
'HK','ID',1132
'AG','AG',1113
'CH','GB',1103
'GB','SA',1099
'GB','TH',1096
None,'IN',1084
'NG','CA',1078
'CA','ZA',1076
'BE','GB',1070
'HK','MY',1059
'ZA','IN',1041
'TH','GB',1039
'FR','GB',1035
'IN','DE',1034
'DE','TR',1007
'TR','ID',1006
'US','BM',1002
'US','LB',978
'AU','JP',972
'EC','US',968
'AT','US',967
'DE','CA',965
'CO','MX',965
'US','UM',953
'IN','JP',947
'DO','DO',940
'TH','KR',930
'VE','US',922
'GB','CH',916
'CU','VE',910
'CN','CN',902
'VN','US',898
'DE','CO',896
'US','VI',894
'BE','PL',893
'GR','US',890
'GB','AT',884
'KE','NG',882
'PT','US',882
'MA','MA',877
'MC','MC',866
'ID','MY',861
'TR','DE',848
'NO','NO',847
'TW','US',837
'GB','NZ',835
'ZW','US',835
'BE','IN',832
'MY','GB',829
'GB','BR',807
'US','BD',801
'HK','AU',797
'ID','NL',797
'CA','PH',792
'KE','ZA',790
'CU','CO',788
'RU','US',774
'DK','US',756
'DE','IT',755
'MV','MV',748
'US','FI',747
'KR','ID',742
'CZ','VE',740
'DE','NL',740
'CZ','CZ',734
'GB','PT',732
'PA','US',726
'CG','CG',722
'TC','TC',708
'CG','NG',703
'ID','GB',699
'US','ZW',696
'CA','FR',691
'CA','MY',681
'GB','SG',675
'NO','AU',675
'UG','US',673
'BE','DE',673
'GB','PH',660
'HK','DE',659
'HK','JP',651
'CN','HK',651
'IL','IN',647
'RS','RS',644
'US','PE',638
'SG','US',638
'PH','MY',634
'US','UG',633
'VN','VN',633
'KR','TH',633
'PK','IN',632
'US','BS',631
'BE','IT',624
'PK','GB',623
'GB','PL',622
'US','BN',621
'MX','ID',614
'PH','CA',614
'GH','GH',613
'CA','DE',606
'BE','CO',602
'CA','NG',596
'CN','CO',590
'SA','US',589
'AU','DE',581
'AE','AE',581
'SA','EG',571
'KW','KW',563
'ZA','AU',563
'HK','PH',558
'UG','UG',553
'PK','SA',550
'IN','MY',548
'US','VN',543
'KR','GB',539
'NG','IN',538
'FI','FI',536
'MY','ID',532
'IT','IN',529
'GH','US',528
'TW','TW',524
'GB','AE',521
'GB','BE',520
'CN','NG',520
'AR','US',518
'US','AG',511
'ZW','ZA',510
'AU','ZA',507
'FR','IN',502
'CH','IN',500
'ES','MX',500
'DE','FR',499
'CU','IN',492
'KE','UG',485
'US','RO',485
'CH','CA',481
'US','MA',481
'IN','ID',479
'ZA','CA',476
'PE','PE',467
'CL','US',465
'IN',None,462
'CO','AU',458
'IN','NZ',457
'CA','HK',455
'US','KW',453
'GB','VE',452
'MX','ES',452
'US','SD',451
'BE','NL',447
'CA','MX',445
'ZA','MY',444
'NZ','AU',443
'US','SK',438
'IN','PL',436
'MX','IN',436
'JP','GB',436
'AU','NZ',435
'AU','IT',432
'NA','NA',428
'ES','VE',424
'NL','GB',421
'IN','TH',421
'IL','CO',420
'CO','CL',416
'IT','DE',415
'CA','NL',414
'IN','AE',411
'US','PY',411
'BE','CA',411
'AU','SE',410
'DE','AU',404
'NZ','GB',403
'DE','NG',403
'IL','ZA',403
'AU','MX',401
'ZA','NG',400
'TH','AU',398
'EG','US',397
'GB','DK',396
'CH','FR',395
'US',None,395
'CN','MY',393
'NG','DE',388
'BE','AU',385
'CG','KE',384
'AT','CH',382
'KE','IN',380
'IN','IT',380
'IT','CH',378
'SE','GB',374
'NG','ZA',373
'KR','PH',370
'JP','CA',369
'CN','MX',367
'TZ','TZ',366
'FR','CA',358
'GB','HR',357
'RW','RW',356
'AT','AT',355
'CA','ID',352
'OM','OM',352
'CO','DE',351
'US','EC',351
'KE','GB',349
'CO','IT',348
'PT','GB',347
'SE','ZA',347
'SG','SG',346
'KR','HK',344
'CN','VE',344
'HK','BR',343
'IL','DE',343
'US','HU',343
'AU','PH',340
'CH','IT',339
'CO','CA',338
'CA','IT',338
'MX','CA',337
'CM','CM',330
'ZA','DE',327
'HK','SE',325
'NL','DE',323
'US','HR',323
'CH','AU',322
'CH','NL',321
'IL','CA',320
'CN','JP',319
'PY','PY',319
'PK','AE',317
'PT','NG',316
'GB','IQ',315
'US','SV',315
'US','JM',315
'IT','CA',313
'VE','CU',312
'VG','US',311
'US','CM',309
'KR','VN',309
'MY','MX',309
'AU','NL',307
'SV','SV',306
'NL','BE',304
'HK','KE',304
'RU','ZA',303
'IT','AU',303
'CN','CA',300
'EG','MY',300
'ES','CL',299
'US','NP',299
'IQ','GB',298
'CN','GB',295
'GB','BM',294
'GB','BN',293
'AU','MY',291
'GB','JE',291
'JP','MY',290
'CA','SE',289
'CA','JP',289
'NG','UG',286
'MY','CA',285
'US','CR',284
'GB','AR',283
'IN','PH',283
'BD','GB',282
'FR','ES',281
'IL','VE',280
'BD','US',280
'IL','GB',277
'JP','ID',275
'GB','EG',274
'CG','US',274
'GB','ZW',269
'TH','TW',268
'ES','IN',268
'MX','MY',267
'BR','GB',267
'CA','CH',264
'US','UY',262
'CN','ID',261
'IL','IT',260
'IN','NL',258
'FR','CO',258
'IR','BR',257
'US','TZ',257
'GB','CN',254
'CL','GB',252
'ZA','BW',250
'SG','ID',250
'CN','CU',250
'AE','US',250
'US','MV',249
'AU','NG',249
'DE','BE',248
'DE','ZA',244
'KH','KH',244
'US','CZ',242
'GB','KR',242
'NO','GB',242
'RU','GB',239
'VI','US',238
'IN','CN',237
'ZA','IT',235
'FR','BR',235
'IL','SE',234
'TH','JP',234
'US','CW',234
'BM','GB',233
'FI','US',233
'TR','IN',233
'TH','CN',231
'FJ','AU',231
'US','IR',229
'CO','EC',226
'HK','SG',226
'TH','IN',226
'JE','JE',223
'CO','AR',223
'US','NA',222
'BS','US',222
'TR','GR',222
'FR','AU',221
'MR','MR',221
'TH','HK',220
'BE','FR',219
'VI','VI',219
'IN','CO',219
'TR','GB',217
'AG','IN',215
'CU','IT',212
'CA','KE',212
'ID','KR',211
'ES','IT',211
'JP','HK',211
'TH','CA',209
'CN','PK',209
'LT','TR',209
'HK','BE',209
'CA','CO',209
'PT','BR',208
'TR','NG',207
'LB','AU',207
'VE','CL',204
'IN','ZA',204
'US','MC',201
'IT','FR',201
'JP','AU',201
'RS','US',200
'ZA','MX',198
'NL','CA',198
'DK','GB',198
'US','QA',196
'IN','CH',196
'US','TN',196
'NG','EG',195
'HK','MX',195
'CN','TH',194
'JO','JO',194
'NG','NL',194
'US','GU',193
'NG','GH',192
'TR','IT',192
'CG','ZA',191
'CO','PY',188
'CO','GB',188
'IN','BR',187
'AU','AT',186
'QA','IN',186
'KE','AU',185
'ZA','ID',185
'BM','US',184
'BE','IE',184
'NG','TR',182
'NP','US',182
'RO','RO',182
'US','JO',182
'US','MU',181
'KR','JP',180
'KR','CO',180
'IT','ES',180
'GR','MX',178
'US','PG',178
'ZA','JP',178
'CH','BE',177
'KP','VE',177
'AT','NL',177
'CA','ES',176
'PL','DE',175
'MC','GB',175
'US','KH',174
'AU','ES',173
'BR','PT',172
'GH','NG',171
'TW','JP',171
'NL','IN',171
'IL','KE',171
'CA','BR',171
'AU','PK',171
'KR','AU',170
'IN','LB',170
'IT','PL',169
'MY','AU',169
'US','CD',169
'IQ','US',169
'AG','US',169
'CO','BE',169
'JP','DE',169
'CZ','US',168
'KP','US',167
'DK','CA',167
'CN','DE',167
'HR','GB',166
None,'US',166
'AU','NO',165
'CU','PA',165
'DK','BE',164
'MX','DE',164
'CN','AU',164
'FR','MA',160
'HK','IT',160
'US','TT',159
'GB','TW',159
'HR','US',159
'GB','RU',158
'FR','MX',157
'NZ','IN',156
'NG','MU',155
'MX','AR',155
'MY','JP',154
'PR','GB',154
'DE','JP',154
'TW','CN',154
'US','TC',153
'IT','TR',153
'GB','PR',152
'DO','US',151
'US','MZ',150
'DE','ES',150
'IN','MX',149
'CO','PR',149
'CH','NG',148
'CA','IL',146
'PE','US',146
'PK','MY',146
'KR','PL',145
'IT','CL',145
'BD','IN',145
'IQ','IN',144
'LB','LB',143
'IT','NL',142
'CH','JP',142
'PL','HK',141
'HK','VE',139
'US','BH',139
'MY','KR',137
'IT','CU',137
'US','HT',137
'ID','JP',136
'KE','HK',136
'GB','RS',135
'DE','ID',135
'CU','ES',134
'CH','SE',134
'SV','US',134
'DE','KE',134
'BE','NG',133
'AU','FR',133
'DE','PL',132
'SE','DE',132
'GB',None,132
'UY','US',132
'IN','BD',131
'SE','NO',131
'TH','LA',131
'MY','IT',131
'DE','MX',131
'CU','CA',131
'GB','HU',130
'ES','AR',130
'DE','SE',130
'ID','MX',129
'MA','FR',128
'BE','CH',128
'JO','US',128
'KE','TZ',128
'TR','HK',128
'JP','PH',128
'NG','GR',127
'ES','DE',127
'US','EE',127
'GB','QA',127
'NO','IN',127
'IT','NG',127
'US','VG',126
'LB','JO',126
'ZW','GB',125
'GR','CY',124
'KW','IN',124
'HK','FR',124
'ES','CA',124
'MV','IN',124
'PK','CA',124
'ID','CA',123
'NL','FR',123
'US','GS',123
'BE','NO',122
'JP','IN',121
'MY','NG',121
'PK','AU',120
'US','JE',120
'PH','PK',120
'NG','ZW',120
'GB','CM',119
'VN','ZA',119
'CA','IE',119
'ID','TH',119
'MX','PY',119
'MC','TR',119
'IN','ES',118
'TT','TT',118
'GB','MC',118
'NO','CA',118
'KW','US',118
'BE','ES',118
'CA','NO',117
'ID','PK',117
'DE','GR',116
'NL','ID',116
'PH','GB',116
'MY','SA',116
'MX','BR',116
'NL','NG',116
'UY','CO',116
'MX','VE',116
'DE','LI',116
'MC','US',115
'EG','IN',115
'LB','GB',115
'HR','HR',115
'SD','US',114
'IT','JP',114
'CA','PK',114
'AE','IN',114
'GH','GB',114
'MA','US',114
'DE','EG',113
'NG','IT',113
'KE','ZW',113
'GB','IL',113
'TR','CH',113
'US','LA',112
'GB','UG',112
'CN','ZA',112
'HK','NL',111
'IN','FR',111
'US','IS',110
'IL','MY',110
'ES','FR',110
'TR','CA',110
'MX','SE',110
'AE','SA',109
'ZA','PG',109
'AU','TW',109
'CU','FR',109
'HK','ES',109
'IT','CO',109
'DE','NO',109
'MX','IT',108
'IT','BE',108
'AR','MX',108
'ES','PR',108
'NG','IE',108
'DK','PL',107
'HK','DK',107
'NL','AU',107
'KR','MY',107
'TW','CA',106
'MX','NL',106
'FR','NL',106
'EG','FR',106
'PK','IT',106
'RO','US',106
'IL','BE',105
'CO','BR',105
'GB','NP',105
'US','DJ',105
'CN','KR',104
'CN','PL',104
'IT','GR',104
'NO','CO',104
'ES','JP',104
'ID','AU',104
'IN','CU',104
'CH','PL',104
'TZ','KE',104
'GB','IR',103
'PK',None,103
'RW','US',103
'US','GD',103
'NL','IT',103
'SG','IN',103
'NZ','CA',103
'MM','MM',103
'TW','HK',102
'KE','GH',102
'NL','CH',102
'TR','MY',101
'AT','IT',101
'MX','PR',100
'GB','CL',99
'NG','FR',99
'PR','ID',99
'PS','AU',99
'AR','ES',99
'DE','VE',98
'PH','AU',98
'CA','SA',98
'HU','US',98
'NG','ES',98
'US','HN',98
'JP','TW',97
'GB','LB',97
'CA','NZ',97
'DE','HK',97
'ZW','ID',97
'SE','CO',96
'BR','CA',96
'JP','CN',96
'IL','ES',96
'ID','SG',96
'MX','JP',96
'PL','CA',96
'NG','KE',95
'IE','CA',95
'KE','CA',95
'CH','MX',95
'FJ','IN',95
'TR','NL',95
'ZW','PK',94
'NP','MY',94
'SE','IN',94
'IT','AT',94
'IT','LB',93
'TW','IN',93
'SA','IN',93
'MX','FR',93
'RU','IN',93
'CO','IL',92
'IN','SE',92
'UY','AR',91
'SI','US',91
'CN','BR',91
'PL','BR',91
'CA','PR',91
'GB','FI',91
'SG','JP',91
'ZA','NA',91
'IN','TW',91
'SK','US',90
'PS','CA',90
'FR','IT',90
'BE','SE',90
'ID','SA',90
'VN','MY',90
'US','VC',90
'MX','CL',90
'VN','IN',90
'ZA','TH',89
'MX','AU',89
'JM','US',89
'GB','CU',89
'NL','MX',89
'NG','MY',88
'IT','RU',88
'MX','IE',88
'TR','CU',87
'NO','NL',87
'CU','AR',87
'CA','TH',87
'FR','NG',87
'CG','GB',87
'CH','ES',86
'NL','CO',86
'AR','CO',85
'DE','FI',85
'LB','EG',85
'PA','IN',85
'CN','IT',85
'VC','US',85
'BN','US',85
'ES','HK',85
'AU','SA',84
'US','DM',84
'PA','MX',84
'DK','IT',84
'DE','RU',84
'IN','IE',84
'JP','KR',84
'ES','PT',84
'NL','ES',84
'GB','JO',83
'GB','VN',83
'HK','TH',82
'US','CY',82
'CA','CU',82
'BE','HR',82
'ZW','MY',81
'FR','DE',81
'MX','PA',81
'CR','CR',81
'IL','AU',81
'CU','TR',81
'AE','GB',81
'FR','BE',81
'SE','CA',81
'CA','BE',81
'VN','NG',80
'AU','IE',80
'AR','VE',80
'GB','RO',80
'CU','UY',80
'IT','SE',80
'IT','PK',79
'CH','KE',79
'IL','CL',79
'BR','IN',79
'IL','IL',79
'TZ','US',79
'NG','MX',79
'CA','VE',79
'HT','US',79
'LS','LS',78
'CN','TW',78
'SA','AE',78
'PL','IN',78
'AU','CH',78
'IL','RS',78
'US','PF',78
'CO','DO',77
'EG','SA',77
'ID','DE',77
'CU','CL',77
'CU','MX',77
'TN','US',77
'JP','IT',77
'US','MP',77
'MY','TH',76
'PR','CA',76
'KW','PK',76
'GB','EC',76
'CH','AT',76
'ES','NG',75
'TH','DE',75
'NA','US',75
'VE','MX',75
'HK','LB',74
'GB','BS',74
'MY','CH',74
'DE','RS',74
'US','AZ',74
'UG','ZA',73
'EC','EC',73
'MY','BN',73
'FJ','GB',73
'HU','GB',73
'IN','KE',73
'CH','GR',73
'KR','CA',73
'FR','UY',73
'CN','DO',73
'LS','ZA',72
'ZA','NL',72
'PL','BE',72
'BE','MX',72
'CO','GR',72
'KR','MX',72
'NG','SG',72
'IT','SA',71
'NG','AU',71
None,'PK',71
'AU','BE',71
'CA','AE',71
'US','VU',71
'GB','CZ',71
'ID','IT',70
'CU','BR',70
'SA','PK',70
'JP','MX',70
'GB','DO',70
'GR','DE',70
'ES','AU',70
'IR','US',70
'TR','BE',70
'IN','HK',70
'IT','MX',69
'LB','SA',69
'ZA','TR',69
'IL','NL',69
'NG','BJ',69
'UM','US',69
'RU','CA',69
'HK','SI',69
'CA','AT',69
'NL','JP',68
'US','FJ',68
'KH','US',68
'PK','CN',68
'CL','ES',67
'VE','ES',67
'CZ','ID',67
'IL','PK',67
'US','KY',67
'IN','OM',67
'AU','PL',67
'CH','DK',67
'DE','BR',67
'NG','KW',67
'PK','DE',67
'RS','CA',66
'LB','NG',66
'PK','ZA',66
'GU','US',66
'NP','IN',65
'PA','AU',65
'MY','DE',65
'CA','EG',65
'CN','FR',65
'GB','PE',65
'SA','CA',65
'GR','CA',65
'ZW','CA',64
'ES','BE',64
'FR','CH',64
'ZW','TR',64
'LB','KE',64
'CA','CL',63
'IE','AU',63
'CO','PE',63
'GB','BJ',63
'FR','JP',63
'GR','ID',63
'PH','ID',63
'JP','VN',62
'TR','AU',62
'KE','DE',62
'US','SL',62
'DE','HR',62
'ID','BN',62
'NG','AE',62
'CN','TR',62
'PK','KW',62
'ZA','GH',62
'PT','NL',62
'AE','PK',61
'AR','CL',61
'PL','ZA',61
'NG','CM',61
'ZA','CO',61
'NL','NO',61
'CL','MX',60
'MC','FR',60
'LB','ZA',60
'DE','PK',60
'PA','ES',60
'IN','DJ',60
'BR','DE',60
'JP','SG',60
'DE','CZ',60
'GB','BD',60
'TC','US',60
'EG','ZA',60
'DK','NG',60
'CH','ZA',59
'AR','GB',59
'US','BW',59
'CM','US',59
'IN','ZW',59
'AT','FR',59
'MC','DE',59
'BE','SK',59
'NG','SA',58
'PS','GB',58
'IT','BR',58
'CA','TR',58
'AR','IN',58
'CN','AE',58
'NL','HK',58
'MR','FR',58
'KE','CH',58
'IL','MX',58
'CG','GH',57
'SE','PL',57
'KR','CH',57
'CL','DO',57
'MX','ZA',57
'DE','PT',57
'SA','LB',57
'KR','DE',57
'CA','CN',57
'IL','FR',57
'HK','NZ',57
'PE','CO',56
'GB','CY',56
'GR','ZA',56
'IN','NO',56
'AU','BR',56
'CN','NL',56
'US','AI',56
'PA','ID',56
'CH','TR',56
'ZA','CN',56
'PA','CH',56
'MX','EC',56
'LB','AE',56
'DJ','US',56
'SI','GB',56
'PE','VE',55
'IL','BR',55
'ZA',None,55
'ES','PA',55
'PL','NL',55
'IL','DK',55
'ES','NL',54
'ZA','NO',54
'IN','HR',54
'ZW','IN',54
'RW','CM',54
'TW','ES',54
'DE','JO',54
'GR','NL',54
'FR','KW',54
'DE','TT',53
'GB','MA',53
'IN','AZ',53
'PH','AE',52
'SE','AU',52
'BF','CO',52
'ES','PY',52
'TR','JP',52
'RS','AT',52
'BR','MX',52
'US','BJ',52
'CN','ES',52
'GB','JM',52
'HK','TR',52
'BH','IN',52
'CA','PL',52
'CA','TW',52
'TZ','GB',52
'DE','DK',52
'NO','DE',52
'AU','VE',52
'UG','KE',51
'IT','MY',51
'TH','IT',51
'IT','AR',51
'PK','TR',51
'EG','LB',51
'NO','SE',51
'IT','VE',51
'CO','SE',51
'GB','MU',51
'PR','MX',50
'MX','PE',50
'MX','GR',50
'MY','TR',50
'US','SY',50
'CN','BE',50
'US','AS',50
'US','OM',50
'CA','GH',50
'PA','MY',50
'SA','OM',50
'TT','US',49
'US','AF',49
'DE','IE',49
'CN','CH',49
'RU','MX',49
'DE','MY',49
'HK','ZA',49
'TW','GB',49
'RU','AR',49
'AU','RS',48
'GH','ZA',48
'HK','AE',48
'US','LY',48
'PK','PH',48
'AM','US',48
'MX','PT',48
'NL','ZA',48
'TH','SE',48
'RW','CA',48
'US','LT',48
'SE','NL',48
'ID','TW',48
'AR','PY',48
'AT','GB',48
'ZA','PL',47
'SA','ID',47
'BF','ES',47
'IN','SK',47
'ID','PH',47
'CA','DK',47
'SE','FI',47
'PH','TH',46
'MP','US',46
'KE','ES',46
'DK','DE',46
'US','AX',46
'NG','PL',46
'TR','SA',46
'US','RW',46
'PK','QA',46
'CA','AR',46
'DK','CH',46
'CA','GR',46
'MY','GR',46
'AR','ZA',45
'CN','PH',45
'CN','DK',45
'PH','HK',45
'TR','LB',45
'US','SR',45
'ID','IN',45
'PL','AU',45
'JP','ES',45
'IN','DK',45
'HK','EG',45
'VN','KE',45
'CA','LB',45
'KR','SG',45
'PK','JP',45
'CA','JM',45
'CH','EG',45
'ZA','ES',45
'AG','GB',45
'SA','AU',45
'LB','CA',45
'KR','FR',45
'TR','FR',44
'KR','BN',44
'PT','DE',44
'LB','KW',44
'ZW','AE',44
'US','LV',44
'NL','KE',44
'EG','DE',44
'AU','CN',44
'CH','MY',44
'IL','NG',44
'US','BB',44
'CA','SG',44
'BE','IQ',44
'PY','US',44
'AU','KE',44
'TR','ES',43
'CN','SG',43
'LB','MY',43
'CO','IN',43
'KE','AT',43
'CO','NL',43
'DK','SE',43
'PH','JP',43
'NL','PT',43
'EC','CA',43
'NL','CW',43
'FR','AE',43
'RU','MY',43
'BR','AU',43
'PH','IN',42
'CN','SA',42
'DE','IQ',42
'JP','TR',42
'GS','US',42
'HK','PE',42
'CU','BS',42
'IT','IE',42
'GL','US',42
'HK','CH',42
'GB','KW',42
'CL','AU',42
'ZA','FR',42
'MZ','MZ',42
'KE','IT',42
'FR','CM',42
'MX','NG',42
'HR','CA',42
'FR','NO',41
'CA','PT',41
'AS','US',41
'IT','CN',41
'CO','PT',41
'RU','IT',41
'AT','AU',41
'TH','ID',41
'VE','CA',41
'CO','SV',41
'IN','PG',41
'CA','IQ',41
'NP','AU',41
'JP','NL',40
'ES','PH',40
'PK','HK',40
'US','LR',40
'PG','AU',40
'BH','BH',40
'IN','MC',40
'KR','IT',40
'GR','IT',40
'MY','FR',40
'TH','PH',40
'JE','GB',40
'US','UA',40
'AU','MA',40
'MX','TH',39
'BD','DE',39
'CA','UG',39
'CL','CU',39
'FR','PT',39
'AT','CA',39
'US','ZM',39
'AT','IL',39
'IL','UY',39
'PL','IT',39
'AU','UY',39
'AU','PT',39
'DE','AR',39
'BE','NZ',39
'SE','MX',39
'IT','PA',38
'DE','VN',38
'LB','TN',38
'BD','AU',38
'LB','DE',38
'PG','US',38
'IN','IL',38
'IT','HK',38
'VE','AR',38
'KE','AE',38
'CN','LB',38
'CN','NZ',38
'JO','SA',38
'US','ML',37
'FJ','FJ',37
'ZA','MZ',37
'RS','BE',37
'VN','AU',37
'NG','BD',37
'PL','AT',37
'CA','PA',37
'ES','CU',37
'CA','KR',37
'IT','IL',37
'RU','KE',37
'VN','PH',37
'BD','ZA',37
'CO','JP',37
'NO','JP',37
'MY','PH',37
'FJ','KE',37
'SI','BE',37
'HK','UM',36
'DK','ID',36
'ES','BR',36
'CL','VE',36
'DE','GH',36
None,'GB',36
'NZ','DE',36
'IE','ZA',36
'SA','GB',36
'NG','BR',36
'MX','SG',36
'ID','ZA',36
'PK','MX',36
'PL','JP',36
'CZ','GB',36
'GB','PA',36
'KE','PH',36
'BB','BB',36
'IL','JP',36
'VE','DE',36
'CN','VN',36
'PK','ID',36
'ES','CH',36
'NL','TR',36
'DE','SI',36
'KE','NA',36
'HK','IE',36
'ZA','CH',36
'IT','RS',36
'HK','SA',36
'US','YT',35
'AU','FI',35
'PK','NG',35
'IT','ZA',35
'DE','LB',35
'IN','RU',35
'AU','PG',35
'BR','JP',35
'IN','TJ',35
'AU','RU',35
'HK','RU',35
'AE','NG',35
'GB','SI',35
'AU','SG',35
'PS','DE',35
'GB','NA',34
'KR','SA',34
'NZ','MX',34
'AR','CA',34
'DK','AU',34
'CH','HK',34
'TH','CH',34
'ZA','MU',34
'US','MM',34
'HK','PL',34
'VN','CA',34
'LB','JP',34
'ZW','GH',34
'CW','US',34
'SA','NG',34
'CO','CH',34
'RU','PH',34
'IT','PR',34
'IN','MA',34
'NP','PK',34
'NZ','ZA',34
'BR','IT',33
'IL','CH',33
'FI','GB',33
'SV','CO',33
'CH','CO',33
'SI','IN',33
'GB','UM',33
'DJ','GB',33
'MP','MP',33
'PK','KE',33
'US','GG',33
'FJ','CA',33
'FR','ZA',33
'ID','HK',33
'ID','TC',33
'KR','AR',33
'BR','NL',33
'PH','MX',33
'MY','IN',33
'NZ','JP',33
'AU','EG',33
'SE','FR',33
'PH','DE',33
'CH','PY',33
'US','DZ',32
'ZA','PR',32
'LB','NL',32
'GB','SL',32
'AU','PR',32
'IN','SG',32
'SE','BE',32
'ID','QA',32
'AU','SI',32
'QA','US',32
'SG','DE',32
'AU','CL',32
'GB','BW',32
'US','LI',32
'DE','IL',32
'CR','US',32
'RS','GB',32
'NL','PL',32
'IL','BD',32
'RS','IT',32
'SG','GB',32
'NG','PT',31
'PH','CH',31
'NL','BR',31
'TR','AT',31
'IE','MX',31
'EG','GB',31
'MX','HK',31
'ZA','UG',31
'CO','NZ',31
'SE','DK',31
'ES','UY',31
'US','SO',31
'ZW','CH',31
'AU','SN',31
None,None,31
'CO','DK',31
'ES','TR',31
'UY','MX',30
'PK','ES',30
'IE','DE',30
'IN','TL',30
'US','MK',30
'UG','NG',30
'AU','TR',30
'TL','TL',30
'CH','TW',30
'KR','MU',30
'KW','GB',30
'CO','FR',30
'ZA','KR',30
'CN','NP',30
'PL','ES',30
'FR','MC',30
'UG','GB',30
'BR','TR',30
'HR','IT',30
'KR','ZW',30
'ID','AE',30
'CO','TH',30
'KG','KG',30
'LU','LU',29
'NO','KE',29
'IL','ZW',29
'CZ','IN',29
'DK','KE',29
'IE','IN',29
'VE','BR',29
'BD','CH',29
'DE','NZ',29
'GH','CA',29
'PA','GB',29
'MZ','US',29
'FI','DE',29
'CA','IR',29
'ID','IL',29
'KR','HR',29
'BE','TN',29
'CH','CN',29
'SE','IQ',29
'ZA','PT',29
'CL','CA',29
'ZW','CN',29
'ZA','BE',29
'DE','PY',29
'CU','DO',29
'IN','GH',29
'US','BZ',29
'HK','FI',29
'TR','UG',29
'CH','NO',28
'PF','US',28
'MA','MY',28
'PK','SG',28
'NG','PA',28
'HK','NO',28
'CN','RU',28
'SE','ES',28
'GR','SI',28
'MX','GH',28
'CA','CR',28
'NG','AR',28
'IL','DO',28
'ZW','NA',28
'VE','IN',28
'US','BG',28
'DK','NO',28
'US','NI',28
'CN','AR',28
'FJ','NZ',28
'US','AQ',28
'PK','NL',28
'HK','RO',28
'AU','VU',28
'EC','IN',28
'DE','SA',28
'PG','FJ',27
'IT','EG',27
'SY','IN',27
'US','IO',27
'PL','IE',27
'PT','IN',27
'CA','SI',27
'SE','TH',27
'PL','NG',27
'KE','BE',27
'CA','NP',27
'IQ','SA',27
'NZ','MY',27
'PT','CA',27
'TW','ZA',27
'NL','AT',27
'IE','IT',27
'YT','FR',27
'IT','HU',27
'MY','SG',27
'CU','RU',27
'RU','DE',27
'US','TV',27
'RU','JP',27
'CU','SE',27
'US','CF',27
'ZA','HK',27
'VN','GB',27
'AU','KH',27
'CA','RU',26
'JP','BR',26
'VE','CN',26
'LB','BD',26
'CN','PR',26
'CH','SA',26
'MY','EG',26
'MX','PH',26
'RU','VE',26
'IE','CU',26
'MX','TR',26
'BD','NP',26
'ZA','CM',26
'MX','SA',26
'BR','FR',26
'CZ','DE',26
'GB','CR',26
'US','LC',26
'CG','DE',26
'CG','CA',26
'NG','NA',26
'LB','PL',26
'NL','SI',26
'ID','AR',26
'QA','JP',26
'NG','CH',26
'MC','NL',26
'MC','AU',25
'RO','GB',25
'RU','ES',25
'NG','MC',25
'IT','IQ',25
'MY','NO',25
'CG','IT',25
'ES','PE',25
'MM','SG',25
'GB','TZ',25
'PA','IL',25
'ZA','AT',25
'IT','PH',25
'MX','UG',25
'HR','ID',25
'JP','FR',25
'MV','GB',25
'TR','MX',25
'RS','DE',25
'IN','BE',25
'ES','ZA',25
'BR','BE',25
'TH','MX',25
'SY','US',25
'AU','PE',25
'US','SS',25
'DO','CO',25
'DK','JP',25
'FR','NZ',25
'DE','NP',25
'MV','US',25
'IQ','IT',25
'SG','CA',25
'CA','FI',25
'KR','ES',25
'TH','MY',25
'KE','BD',25
'EG','AE',25
'PA','CA',24
'NG','NO',24
'ES','DO',24
'NP','DE',24
'PL','PA',24
'BS','BS',24
'SA','KW',24
'BE','TR',24
'ID','ES',24
'VE','IT',24
'DE','TH',24
'SK','GB',24
'CG','BE',24
'MM','US',24
'AU','CO',24
'TR','RO',24
'DK','IN',24
'SI','PL',24
'PH','KR',24
'NL','DK',24
'IE','ES',24
'IN','TR',24
'DK','ES',24
'KE','ID',24
'ES','IE',24
'CH','PK',24
'KE','JP',24
'RU','ID',24
'KE','DK',24
'MY','ZW',24
'KR','VE',24
'BJ','US',23
'LR','US',23
'FR','BJ',23
'ES','NO',23
'FR','ID',23
'MX','DO',23
'NL','SA',23
'IN','EG',23
'NL','SE',23
'SE','JP',23
'NZ','HK',23
'LI','LI',23
'JP','TH',23
'IN','JO',23
'BJ','NG',23
'DE','AQ',23
'SE','IE',23
'MC','CA',23
'IL','KR',23
'NL','PH',23
'QA','GB',23
'PA','SE',23
'AU','AR',23
'IT','RO',23
'CG','MZ',23
'CG','FR',23
'US','LS',23
'ID','NZ',23
'NG','KR',23
'SA','BD',23
'CO','TW',23
'IT','ZW',22
'FR','PL',22
'NO','MY',22
'TH','GR',22
'CH','ID',22
'CL','DE',22
'GB','IO',22
'PR','VE',22
'ZW','NL',22
'IL','IQ',22
'NZ','IT',22
'TN','EG',22
'DE','MC',22
'ZW','SA',22
'JM','GB',22
'ZW','MX',22
'KE','NL',22
'MX','BE',22
'VN','ID',22
'BE','MM',22
'MY','RU',22
'CA','RO',22
'BR','CU',22
'CU','CG',22
'DJ','ES',22
'JP','ZA',22
'JP','DK',22
'OM','KW',22
'EG','CA',22
'US','KP',21
'SG','HK',21
'BJ','CM',21
'DE','UG',21
'ID','TL',21
'PL','HU',21
'DE','RO',21
'SE','IT',21
'NG','LR',21
'HK','PK',21
'DK','IL',21
'TC','GB',21
'FR','LB',21
'AU','DK',21
'PR','ES',21
'SE','ID',21
'TR','BD',21
'CH','RS',21
'GH','DE',21
'PK','OM',21
'AU','GH',21
'CA','UY',21
'HR','CH',21
'PK','BE',21
'RU','IL',21
'FR','AR',21
'DE','CN',21
'GB','BB',21
'ES','ID',21
'AU','RO',21
'MX','KR',21
'NG','PK',21
'IL','AR',21
'BR','ES',21
'BE','RU',21
'ID','RU',21
'LT','US',21
'IQ','PK',21
'IT','IR',21
'NL','BD',21
'DE','CL',21
'NA','ZA',21
'IT','GH',20
'GB','PG',20
'ES','PL',20
'IL','NP',20
'KR','PK',20
'MX','PL',20
'PL','FR',20
'CA','VI',20
'PK','SE',20
'ES','SE',20
'HK','GH',20
'PL','GR',20
'DE','EC',20
'JP','PR',20
'AU','KW',20
'HR','PL',20
'BE','BR',20
'US','LU',20
'PL','MX',20
'IL','SA',20
'SV','MX',20
'TW','IT',20
'GB','PF',20
'KP','IN',20
'AU','LB',20
'BR','CO',20
'IE','NL',20
'PK','IQ',20
'AT','RS',20
'ZA','CU',20
'JP','PT',20
'CU','PR',20
'IL','IE',20
'RU','RS',20
'CG','CH',20
'PH','SG',20
'NO','MX',20
'KR','SE',20
'PH','ZA',20
'CG','CM',19
'FI','AU',19
'PH','SA',19
'GB','SD',19
'NG','SE',19
'LI','US',19
'BE','AR',19
'IN','LA',19
'US','AL',19
'SE','AT',19
'MX','UY',19
'TW','NL',19
'TR','NO',19
'HK','CM',19
'ID','ZW',19
'KE','SD',19
'NP','NL',19
'IT','SI',19
'PA','DE',19
'TR','KR',19
'UY','ES',19
'AU','AE',19
'CH','IE',19
'ZM','ZM',19
'GR','RO',19
'FR','MY',19
'GR','NO',19
'BE','AE',19
'MX','SV',19
'TH','HU',19
'US','GF',19
'CL','IN',19
'ZA','CD',19
'JP','SI',19
'KE','KW',18
'ZW','PH',18
'BN','GB',18
'HK','MA',18
'KE','MX',18
'KR','BR',18
'US','NC',18
'AZ','PK',18
'KH','IN',18
'PK','LB',18
'US','LK',18
'AM','RS',18
'MY','ZA',18
'ZA','ZM',18
'US','KI',18
'CA','BS',18
'NO','TR',18
'KR','NP',18
'CA','CZ',18
'MC','IT',18
'CU','NL',18
'IQ','CA',18
'IT','KR',18
'NO','PL',18
'RU','PL',18
'TN','SA',18
'ID','CN',18
'IT','TW',18
'SG','CH',18
'AU','MP',18
'AU','BN',18
'TH','SG',18
'FR','CN',18
'MX','IL',18
'LK','IN',18
'FR','SE',18
'JP','PL',18
'FJ','ZA',18
'JP','CH',18
'GB','SK',18
'DO','IN',18
'CH','IR',17
'ZW','AU',17
'RS','ZA',17
'TR','SK',17
'MA','CA',17
'ZA','JM',17
'KE','TW',17
'ID','BR',17
'AE','EG',17
'AT','JP',17
'CZ','CA',17
'CA','HU',17
'VN','CN',17
'SG','GR',17
'FR','YT',17
'NP','JP',17
'MY','NZ',17
'AU','PA',17
'ID','SE',17
'SE','GR',17
'US','RE',17
'SE','RS',17
'AT','CZ',17
'DK','PK',17
'DE','TW',17
'NG','RU',17
'DO','GB',17
'IR','GB',17
'IE','IL',17
'NZ','ES',17
'GB','MR',17
'VE','NL',17
'VE','SE',17
'GH','AU',17
'HK','KR',17
'AU','GR',17
'RU','CU',17
'JP','NZ',17
'ID','CU',17
'BD','IT',17
'BE','PT',17
'TW','DE',17
'IN','AR',17
'DZ','DZ',17
'AR','KE',17
'CH','IL',17
'RS','AU',17
'IT','NO',17
'TR','ME',17
'TW','KR',17
'AZ','AE',16
'GB','PY',16
'FI','CA',16
'MX','CU',16
'SA','DE',16
'SA','JO',16
'IN','PA',16
'US','MG',16
'GR','IN',16
'MX','AE',16
'VE','AU',16
'TW','PH',16
'PL','PT',16
'AR','EC',16
'AR','UY',16
'KR','AT',16
'KE','SA',16
'FR','RU',16
'KR','TR',16
'BE','ZA',16
'TW','NG',16
'IN','MV',16
'BB','US',16
'ZA','AR',16
'GH','IN',16
'IE','BE',16
'CG','AU',16
'US','BO',16
'HK','PG',16
'PA','CN',16
'DK','RO',16
'IL','PH',16
'FI','HK',16
'SR','CU',16
'CU','IE',16
'FR','TR',16
'PL','SE',16
'AR','IT',16
'IT','NZ',16
'NZ','KE',16
'DE','CU',16
'MA','GB',16
'CO','KR',16
'HK','CN',16
'ES','DK',16
'ZW','UG',16
'JM','CA',16
'CH','PT',16
'GQ','NG',16
'CN','EG',16
'NG','IQ',16
'MR','US',16
'IN','QA',16
'CA','VG',16
'TW','NZ',15
'AT','CN',15
'CO','MY',15
'NG','ID',15
'CH','NP',15
'TW','ID',15
'LB','PK',15
'OM','US',15
'PG','ID',15
'GB','EE',15
'CO','PL',15
'CA','NA',15
'US','TL',15
'KR','TW',15
'DE','KR',15
'CA','MA',15
'IL','TR',15
'CA','DO',15
'PA','AR',15
'HK','QA',15
'CA','ZM',15
'GR','KE',15
'EC','MX',15
'DE','IR',15
'MC','BR',15
'TR','QA',15
'BR','AE',15
'DO','PR',15
'BE','LV',15
'VN','PL',15
'IE','NG',15
'FJ','NG',15
'DK','PH',15
'UG','DE',15
'EC','AU',15
'NL','MY',15
'TH','CO',15
'DE','AE',15
'DM','IN',15
'PL','TW',15
'FR','GR',15
'CA','SK',15
'IL','ID',15
'US','PS',15
'QA','TR',15
'TH','VN',15
'CO','CR',15
'IN','CF',15
'BD','CA',15
'RS','DK',15
'IL','NO',15
'TM','TM',15
'CZ','ES',15
'CH','FI',14
'ES','CN',14
'HK','PR',14
'HR','GR',14
'FR','TN',14
'MY','NL',14
'ID','GR',14
'CU','FJ',14
'DO','CU',14
'AU','FJ',14
'SG','KR',14
'BF','US',14
'FR','PR',14
'CA','HR',14
'PK','IE',14
'PH','IT',14
'CH','PA',14
'CO','ID',14
'GB','TJ',14
'DE','BD',14
'HR','AU',14
'US','WS',14
'NO','IL',14
'PR','CO',14
'PL','CH',14
'CO','TR',14
'IT','DK',14
'NL','TW',14
'AM','CA',14
'PE','MX',14
'TH','NL',14
'DE','SG',14
'EG','NL',14
'MY','ES',14
'NP','GB',14
'ID','KE',14
'RS','CH',14
'GU','GU',14
'KE','CN',14
'UY','CL',14
'SE','ZW',14
'VE','DK',14
'GH','KE',14
'DK','TW',14
'MC','GR',14
'ES','EG',14
'US','MR',14
'HR','DE',14
'IT','BD',14
'AF','IN',14
'KP','CA',14
'DK','FR',14
'NG','PH',14
'PH','KE',14
'RU','FR',14
'FR','PK',14
'BE','DK',14
'GB','LU',14
'CN','PG',14
'ID','NG',14
'ES','RU',14
'DE','PH',14
'UG','MX',14
'HK','BM',14
'TF','CA',14
'CA','MC',14
'NG','JP',14
'MX','SI',14
'CO','EG',14
'NP','KW',14
'EG','JP',14
'HU','DE',14
'FR','VE',14
'GR','PA',13
'FR','IE',13
'CG','IN',13
'CN','KE',13
'BE','KE',13
'FR','DK',13
'FI','IN',13
'SV','VE',13
'GR','CN',13
'DE','MA',13
'RU','CH',13
'HK','NG',13
'RS','NO',13
'CR','CA',13
'NA','CN',13
'GB','ZM',13
'SG','PL',13
'NL','RS',13
'BE','FI',13
'EG','CU',13
'IT','VN',13
'FR','DJ',13
'PK','CO',13
'DK','NL',13
'TN','TN',13
'HN','US',13
'CH','RO',13
'ES','MY',13
'MK','GB',13
'MX','NZ',13
'AT','SI',13
'CU','DE',13
'MA','GR',13
'HK','UY',13
'RU','AU',13
'JP','NO',13
'PL','KR',13
'ES','KR',13
'US','KM',13
'BR','KR',13
'BD','AE',13
'VN','SG',13
'IQ','NO',13
'CO','RS',13
'GB','GM',13
'MG','US',13
'IQ','DE',13
'FR','PH',13
'BR','ZA',13
'IL','SK',13
'BS','GB',13
'VE','GB',13
'CH','PH',13
'RU','CO',13
'LB','CN',13
'CL','PE',13
'GB','IM',13
'SE','VE',13
'SD','GB',13
'GR','FR',13
'FI','SE',13
'CH','PE',13
'MY','CN',13
'CO','NO',13
'TN','CA',13
'UG','KW',13
'AU','BM',13
'GB','DZ',13
'SG','PH',13
'PT','ES',13
'RO','GR',13
'CO','SG',13
'DK','IE',13
'AU','IQ',13
'GB','GF',12
'HK','MV',12
'IT','PT',12
'GB','AG',12
'CU','JP',12
'BJ','BJ',12
'RS','TR',12
'ZA','PK',12
'IQ','GR',12
'ID','PG',12
'ZA','RU',12
'ID','CO',12
'MK','MK',12
'VN','DE',12
'IS','IS',12
'PR','JP',12
'CA','BD',12
'NO','AT',12
'CZ','AT',12
'US','KG',12
'AR','AU',12
'NO','IT',12
'FR','EC',12
'TZ','IN',12
'PL','CO',12
'BR','VE',12
'JP','IQ',12
'KZ','KZ',12
'TR','SE',12
'PE','ES',12
'BN','MY',12
'NL','GR',12
'NG','JM',12
'AU','LK',12
'PF','IT',12
'NO','NZ',12
'VN','IT',12
'PR','DE',12
'SE','PK',12
'SE','SA',12
'PT','FR',12
'VE','SV',12
'LB','CH',12
'GR','RU',12
'TR','TH',12
'CM','FR',12
'DO','MX',12
'RU','BD',12
'GR','AU',12
'US','SZ',12
'NG','PR',12
'CH','BR',12
'FR','TH',12
'EG','MX',12
'CN','IE',12
'AQ','US',12
'PE','GB',12
'IL','PT',12
'GR','BE',12
'MY','BR',12
'KE','FR',12
'IE','FR',12
'AT','ES',12
'RU','NL',12
'LU','GB',12
'PT','MZ',12
'CO','MA',12
'ZA','IE',12
'TW','MY',12
'QA','MY',12
'TW','AU',12
'NL','IE',12
'AR','PR',12
'PT','PL',12
'PH','IL',12
'PR','ZA',11
'CG','JP',11
'TR','PG',11
'DK','ZA',11
'DK','FI',11
'BD','NL',11
'BY','BY',11
'CH','TH',11
'BE','PE',11
'CL','JP',11
'AT','NO',11
'DK','PT',11
'PA','SV',11
'TR','KW',11
'IQ','JP',11
'BR','KE',11
'SV','IN',11
'US','GQ',11
'IL','KW',11
'EG','IT',11
'CH','SI',11
'CH','DO',11
'AT','BE',11
'HR','NL',11
'GB','IS',11
'VG','CA',11
'BE','JP',11
'BR','IL',11
'DE','PA',11
'FI','NG',11
'PL','RU',11
'IE','NZ',11
'FI','NL',11
'VN','GH',11
'TN','FR',11
'MY','JO',11
'US','SH',11
'AU','TH',11
'CA','RS',11
'ZA','LS',11
'PR','AR',11
'BR','HK',11
'AE','IT',11
'AR','PE',11
'HK','AT',11
'HK','AG',11
'MX','CH',11
'IE','SE',11
'MC','AT',11
'CA','BJ',11
'EG','BE',11
'EG','PS',11
'IL','NZ',11
'US','MD',11
'TT','DE',11
'KR','SI',11
'NO','NG',11
'ID','MP',11
'DO','CA',11
'MZ','SE',11
'BE',None,11
'CL','ZW',11
'FR','PA',11
'IN','UG',11
'IN','KR',11
'TW','TR',11
'HK','HU',11
'VN','BR',11
'NZ','FR',11
'JP','NP',11
'KN','KN',11
'AZ','US',11
'GB','UY',11
'PK','TJ',11
'TR','HR',11
'EG','TZ',11
'NL','RU',11
'US','BT',11
'NL','CN',11
'BR','CN',11
'CF','US',11
'MY','BD',11
'CY','GR',11
'US','CG',11
'CG','DJ',11
'FR','EG',11
'PL','ID',11
'RO','ES',11
'CZ','TW',11
'ZA','TZ',11
'MA','MX',11
'QA','PK',11
'VE','DO',11
'PT','IT',11
'JP','LB',10
'GB','MT',10
'MY','HK',10
'BG','BG',10
'JP','NG',10
'MA','DE',10
'PK','EG',10
'CH','AR',10
None,'DE',10
'BJ','FR',10
'IQ','FR',10
'ES','SV',10
'AR','FR',10
'NZ','PK',10
'GB','MM',10
'CG','UG',10
'AU','IL',10
'PL','ZW',10
'NO','DK',10
'PR','AU',10
'PS','MX',10
'NG','TZ',10
'ZA','PH',10
'AU','MM',10
'CL','CO',10
'ES','TH',10
'SA','IT',10
'AF','GB',10
'GB','AZ',10
'ML','ML',10
'TT','FR',10
'KR','IR',10
'AE','OM',10
'AU','DO',10
'VE','BE',10
'EC','GB',10
'KW','QA',10
'TZ','ZA',10
'IT','TH',10
'CH','NZ',10
'DE','HU',10
'TW','DK',10
'PR','DO',10
'MC','CH',10
'KE','MY',10
'CU','RS',10
'RO','SE',10
'NZ','PH',10
'AT','AQ',10
'DK','IQ',10
'TR','PK',10
'NL','UY',10
'CU','ZA',10
'VN','MX',10
'RW','PL',10
'VI','CA',10
'HR','AT',10
'NA','ZW',10
'FI','BE',10
'NG','UM',10
'CA','PE',10
'BR','BH',10
'SK','CZ',10
'UA','US',10
'ML','US',10
'IN','PR',10
'RW','AE',10
'PH','TW',10
'AE','KE',10
'DK','RS',10
'DE','NA',10
'PL','NO',10
'JP','AR',10
'CN','MC',10
'ID','CH',10
'LB','IT',10
'SI','CN',10
'CU','HT',10
'BE','PK',10
'RO','CH',10
'MA','CH',10
'EG','SE',10
'BR','PA',10
'MU','GB',10
'CY','US',10
'PH','GR',10
'AU','TV',10
'VE','ZA',9
'LB','QA',9
'DK','MX',9
'FR','CG',9
'CU','GH',9
'IT','VI',9
'GB','VI',9
'PL','SD',9
'IL','PE',9
'NZ','NL',9
'CO','SA',9
'MY','TW',9
'ES','IL',9
'UG','IN',9
'CL','LI',9
'NG','CN',9
'IN','PE',9
'PS','SE',9
'AG','AU',9
'PA','SG',9
'US','TF',9
'RS','PL',9
'JM','VC',9
'PK','PR',9
'AU','CU',9
'MY',None,9
'AR','DE',9
'DE','PE',9
'FR','ZM',9
'CG','MY',9
'SE','CH',9
'BE','RO',9
'ID','AT',9
'JO','AE',9
'PL','RS',9
'MA','SA',9
'TR','BR',9
'KN','US',9
'RU','CN',9
'CN','SE',9
'NO','CH',9
'VE','PY',9
'BS','CA',9
'HK',None,9
'SE','NG',9
'KY','US',9
'SG','AU',9
'RU','CL',9
'GB','GG',9
'IT','FI',9
'PT','CO',9
'FR','PY',9
'PA','PH',9
'TR','IL',9
'BM','CA',9
'CD','FR',9
'IN','PT',9
'MY','AG',9
'PS','CO',9
'DK','MC',9
'JP','HR',9
'RO','ZA',9
'CN','NO',9
'BM','IN',9
'VN','GR',9
'DE','DO',9
'RU','EC',9
'HR','BR',9
'VE','EC',9
'ZA','NZ',9
'PK','PT',9
'KE','VN',9
'DE','PR',9
'KP','GB',9
'CO','CU',9
'NL','NZ',9
'NZ','SE',9
'JP','RU',9
'FI','IT',9
'ES','EC',9
'PL','CN',9
'KE','NO',9
'CU','GB',9
'MU','IN',9
'MX','NO',9
'RU','IE',9
'PS','NZ',9
'MZ','ZA',9
'KE','CM',9
'IT','SG',9
'CG','NL',9
'PL','DK',9
'ZW','FR',9
'IT','AE',9
'HK','MP',9
'VE','PE',9
'RU','HU',9
'PH','NG',9
'US','AM',9
'IT','NP',9
'FR','HK',9
'IE','CO',9
'JM','AG',9
'EG','KW',9
'MC','JP',9
'RW','BJ',9
'PE','DE',8
'NO','IE',8
'TW','AT',8
'NZ','IL',8
'LB','PT',8
'RU','BR',8
'PG','IN',8
'MA','IN',8
'NO','PH',8
'TH','DK',8
'DO','CN',8
'IN','BH',8
'FR','KR',8
'PA','NO',8
'NZ','PG',8
'CU','CR',8
'IS','US',8
'HK','VI',8
'PA','NP',8
'KW','EG',8
'MY','HR',8
'GR','SE',8
'ZW','DE',8
'CG','EG',8
'KP','AU',8
'TV','AU',8
'DZ','US',8
'CH','CL',8
'KE','KR',8
'RO','AU',8
'SV','FR',8
'ZA','HU',8
'SI','CA',8
'ZA','VG',8
'CG','MX',8
'AU','CD',8
'CN','EC',8
'NO','ZA',8
'ZA','SK',8
'DK','CN',8
'BR','CH',8
'BR','ID',8
'NZ','IE',8
'JO','CA',8
'GB','SR',8
'BE','MY',8
'NP','CA',8
'ES','MA',8
'CG','MU',8
'CF','NG',8
'CA','UM',8
'SE','TR',8
'FR','JO',8
'KR','KE',8
'SG','BD',8
'UG','GH',8
'FR','IL',8
'IN','IQ',8
'CA','LA',8
'GH','IT',8
'RO','IT',8
'CM','CA',8
'KE','CU',8
'SK','IN',8
'ZA','DK',8
'CO','HN',8
'FJ','PR',8
'CG','PK',8
None,'CA',8
'AU','BS',8
'US','GT',8
'FR','UG',8
'TR','PL',8
'NG','HU',8
'NL','FI',8
'US','KN',8
'DO','ES',8
'CA','BB',8
'RW','IN',8
'SG','NG',8
'AE','PH',8
'DE','CM',8
'IN','TV',8
'CA','AG',8
'MA','EG',8
'PK','KR',8
'MU','US',8
'AQ','VE',8
'CW','NL',8
'CA','MU',8
'KE','SE',8
'GR','CH',8
'AU','UM',8
'DO','VE',8
'BE','TH',8
'TH','MC',8
'CN','RO',8
'MX','UM',8
'BR','PR',8
'IT','PF',8
'CL','IT',8
'CN',None,8
'CH','MA',8
'PK','BR',8
'BH','US',8
'IE','GR',8
'NA','DE',8
'JP','CO',7
'SE','IL',7
'BH','SA',7
'CN','MA',7
'ZW','GQ',7
'AE','JP',7
'RU','TR',7
'IT','OM',7
'CA','ZW',7
'MA','MR',7
'TZ','UG',7
'GH','CN',7
'IQ','CH',7
'ZW','JP',7
'IE','PL',7
'LB','HR',7
'IR','PK',7
'RW','ZA',7
'SD','CA',7
'MA','ID',7
'NZ','CN',7
'CG','GR',7
'IQ','AU',7
'PL','NZ',7
'PK','MZ',7
'GM','GB',7
'AU','KR',7
'IS','GB',7
'AE','CA',7
'GB','PN',7
'RS','RU',7
'IT','CZ',7
'KE','PK',7
'FJ','MY',7
'NL','EG',7
'VE','CR',7
'IL','CY',7
'MA','IT',7
'CU','PE',7
'KW','IT',7
'NG','GQ',7
'AR','NG',7
'AR','BR',7
'PT','BE',7
'HU','NL',7
'DE',None,7
'VN','KR',7
'CH','BD',7
'CH','VN',7
'AU','IR',7
'IN','CL',7
'DE','MP',7
'GE','US',7
'NL','IL',7
'AE','AU',7
'OM','UG',7
'TR','BM',7
'PK','NZ',7
'HK','SO',7
'IE','NO',7
'JP','CL',7
'UY','CH',7
'BM','ZA',7
'PA','PE',7
'CH','HU',7
'GB','TT',7
'IQ','KE',7
'MU','KE',7
'US','YE',7
'IL','VN',7
'RU','PK',7
'PH','KW',7
'AT','DK',7
'WS','FJ',7
'CN','CL',7
'BE','TW',7
'RU','NG',7
'DJ','CA',7
'JP','BD',7
'JP','SA',7
'PA','VE',7
'GB','CF',7
'ID','VN',7
'BE','ZW',7
'CL','SE',7
'MZ','IT',7
'FI','MX',7
'BR','SA',7
'CH','HR',7
'KW','LB',7
'JP','SO',7
'SI','DE',7
'EC','ES',7
'NO','EG',7
'CN','PT',7
'CW','TT',7
'NO','ES',7
'EG','QA',7
'PR','PL',7
'NZ','CL',7
'NL','KR',7
'NP','KR',7
'PT','AU',7
'CO','AT',7
'MY','KE',7
'HK','PF',7
'SE','NZ',7
'LB','OM',7
'GU','PH',7
'CH','LI',7
'US','VA',7
'KR','DK',7
'ZA','FI',7
'JP','SE',7
'LK','NP',7
'TH','KW',7
None,'ZA',7
'ZW','IT',7
'NO','BR',7
'ID','FR',7
'FR','FI',7
'RO','JP',7
'SA','KE',7
'NG','CO',7
'HK','TN',7
'SA','MY',7
'IT','KE',7
'FR','BM',7
'FJ','HK',7
'MX','DK',7
'ZM','US',7
'IL','VU',7
'AT','TT',7
'GB','VA',7
'IE','ID',7
'MX','JM',7
'AG','PK',7
'AU','JO',7
'PA','PL',7
'FI','ID',7
'GB','TN',7
'US','MN',7
'CM','DE',7
'TR','PF',7
'US','MT',7
'IN','GR',7
'CA','VN',7
'KE','NZ',7
'AT','IN',7
'BE','CN',7
'HK','PT',7
'CA','KN',7
'GR','IE',6
'TZ','IT',6
'IE','FI',6
'LB','IN',6
'AE','FR',6
'RU','GR',6
'JE','US',6
'CO','AE',6
'JM','JM',6
'CO','HK',6
'KP','ES',6
'QA','IQ',6
'ES','BS',6
'SA','MX',6
'ID','NO',6
'CO','BN',6
'GB','KN',6
'KE','AG',6
'LB','RO',6
'PA','FR',6
'CN','LA',6
'EG','RS',6
'CN','CZ',6
'AU','MV',6
'KI','US',6
'IL','FI',6
None,'IT',6
'PA','KE',6
'TW','PL',6
'GB','MV',6
'BN','OM',6
'BM','AU',6
'AU','HU',6
'ES','TW',6
'DE','QA',6
'MK','US',6
'AM','TR',6
'ES','SK',6
'ZA','BR',6
'RU','BE',6
'TR','PH',6
'PR','KE',6
'CN','HT',6
'NO','MC',6
'TH','FI',6
'CL','SG',6
'US','TM',6
'KR','ZA',6
'AG','ID',6
'CD','AU',6
'AU','VN',6
'IE','HK',6
'RU','SE',6
'ZW','IE',6
'VE','NG',6
'BE','SA',6
'SE','PA',6
'TR','HU',6
'AU','EE',6
'MX','BH',6
'TN','LB',6
'JO','GB',6
'RO','FR',6
'PK','DK',6
'NL','ZW',6
'HU','HK',6
'PK','IL',6
'CU','KR',6
'PE','JP',6
'AR','CN',6
'SG','SE',6
'CA','KW',6
'KR','NL',6
'IE','PT',6
'CR','GB',6
'IT','SK',6
'FR','TF',6
'PR','IN',6
'HK','JE',6
'PK','FR',6
'PA','PY',6
'DE','PG',6
'PT','CH',6
'AU','TN',6
'PG','GB',6
'AT','SE',6
'GB','AX',6
'RU','UG',6
'VN','PK',6
'GM','US',6
'CU','AE',6
'BR','NO',6
'HU','HU',6
'SA','MA',6
'TH','BR',6
'NP','TN',6
'LV','RU',6
'CM','MX',6
'UG','CA',6
'FJ','SE',6
'LV','US',6
'SA','NO',6
'NL','PR',6
'NG','BE',6
'DE','LU',6
'PK','VN',6
'AE','ES',6
'AR','DO',6
'MX','BO',6
'TW','TH',6
'KW','AE',6
'FR','AG',6
'CN','DJ',6
'BQ','BR',6
None,'NG',6
'CU','GR',6
'IT','MC',6
'CM','GB',6
'MX','MM',6
'MX','CN',6
'LB','GQ',6
'TR','AR',6
'BY','RU',6
'AR','CU',6
'GG','US',6
'TR','DK',6
'RW','DE',6
'NL','BG',6
'NZ','TW',6
'IE','AT',6
'BR','IR',6
'CO','PK',6
'IN','MU',6
'CA','SD',6
'IL','VG',6
'ZW','MA',6
'ZA','SE',6
'BR','SE',6
'VE','JP',6
'CN','BN',6
'AT','EG',6
'RU','AE',6
'IL','RU',6
'MM','JP',6
'GB','LT',6
'NL','HU',6
'MX','KE',6
'DE','SK',6
'CG','MG',6
'DE','EE',6
'GR','KR',6
'PT','VE',6
'GR','ES',6
'SV','IT',6
'UY','UY',6
'FI','CH',6
'LB','SE',6
'BE','AT',6
'BE','DJ',6
'VG','ES',6
'PH','BN',6
'AT','IE',6
'PT','MX',6
'HK','AR',6
'LB','ID',6
'VI','GB',6
'EC','DE',6
'NL','BQ',6
'HK','IL',6
'MA','ES',6
'NZ','VE',6
'HK','DJ',6
'NZ','CU',6
'SE','BR',6
'ID','EG',6
'CA','BM',6
'LB','BR',6
'GB','AI',6
'MG','FR',6
'KE','GG',6
'IT','UG',6
'TR','CO',6
None,'CH',6
'EG','PK',6
'AM','GR',6
'AE','MY',5
'LA','US',5
'ID','HR',5
'ES','IR',5
'NZ','SA',5
'GH','ES',5
'LT','LT',5
'PY','ES',5
'AR','IE',5
'AE','JO',5
'PL','MY',5
'PH','ZW',5
None,'BE',5
'NP','SG',5
'ES','BD',5
'QA','AE',5
'RS','JP',5
'KE','CO',5
'HK','JO',5
'GB','TC',5
'PT','ID',5
'IR','IR',5
'IL','AI',5
'PS','NL',5
'HR','ZA',5
'SE','IR',5
'EG','ES',5
'FR','GH',5
'PL','MC',5
'EG','KE',5
'PR','TR',5
'NA','HK',5
'CA','EC',5
'RO','DE',5
'IN','CZ',5
'AU','WS',5
'NL','CL',5
'HU','TH',5
'US','GL',5
'NL','PK',5
'CN','JM',5
'BR','CL',5
'TV','US',5
'IL','GH',5
'RU','PY',5
'PT','SE',5
'KE','TN',5
'CH','RU',5
'MX','HU',5
'JO','ID',5
'CN','MZ',5
'US','GI',5
'SE','RU',5
'MX','AT',5
'BW','US',5
'US','TJ',5
'CH','KR',5
'OM','AE',5
'LB','BH',5
'AE','DE',5
'BA','BA',5
'BE','EG',5
'CN','GH',5
'NL','UG',5
'MZ','PG',5
'PS','ID',5
'NL','NP',5
'KE','EG',5
'PS','ES',5
'ES','RO',5
'TR','TN',5
'ES','NZ',5
'JP','ZW',5
'CH','TZ',5
'ID','PS',5
'IL','PS',5
'EE','US',5
'CH','ZW',5
'GB','GD',5
'IR','NL',5
'JP','MP',5
'TN','GB',5
'FR','VI',5
'BI','KE',5
'FJ','IE',5
'CA',None,5
'PL','SA',5
'IL','MU',5
'MX','KW',5
'IR','IT',5
'DE','VU',5
'PY','HK',5
'AU','NP',5
'CH','MC',5
'IL','BN',5
'JP','VG',5
'BE','MA',5
'IN','KG',5
'EG','CO',5
'IE','BR',5
'PH','BE',5
'HR','IN',5
'FR','DZ',5
'US','TG',5
'CU','NG',5
'OM','EG',5
'MA','AE',5
'CL','HK',5
'GH','MY',5
'GB','LV',5
'IN','IR',5
'CN','GR',5
'MY','PK',5
'RU','HK',5
'FJ','JP',5
'RU','TW',5
'EG','ZW',5
'IR','CA',5
'NL','IQ',5
'US','GY',5
'GI','GR',5
'DM','US',5
'HK','GR',5
'GR','PK',5
'AM','GB',5
None,'FR',5
'PK','GH',5
'ES','OM',5
'TZ','SE',5
'DK','KR',5
'GY','GY',5
None,'AE',5
'MY','IE',5
'BE','HK',5
'IM','GB',5
'IL','PL',5
'MT','GB',5
'DE','PS',5
'BE','GR',5
'TH','FR',5
'US','BY',5
'AE','GR',5
'AU','NA',5
'NP','KE',5
'KR','GH',5
'TH','ZA',5
'PH','FR',5
'SG','ES',5
'CH','GH',5
'AF','US',5
'ES','SA',5
'PY','MX',5
'UY','GB',5
'HK','KH',5
'CZ','CH',5
'HK','CU',5
'KR','HU',5
'SV','DK',5
'VN','ES',5
'OM','GB',5
'IT','MZ',5
'KE','BW',5
'CG','SE',5
'TR','CL',5
'GQ','US',5
'BE','SI',5
'CA','MG',5
'AU',None,5
'ZA','SD',5
'NZ','BD',5
'RS','ES',5
'TN','KR',5
'MY','PF',5
'SO','DJ',5
'OM','IN',5
'VE','PT',5
'TN','PS',5
'AF','DO',5
'TR','IE',5
'CH','CZ',5
'MX','RU',5
'PE','CL',5
'DJ','CM',5
'PL','CU',5
'ER','US',5
'BR','IE',5
'VC','VE',5
'RU','FI',5
'GB','KG',5
'BE','TT',5
None,'TR',5
'TH','VE',5
'GG','GB',5
'CH','EC',5
'PA','CU',5
'PT','ZA',5
'SE','GH',5
'RU','MC',5
'ZA','AE',5
'NP','CO',5
'MM','CA',5
'UG','NL',5
'SA','CO',5
'BE','CL',5
'KE','SO',5
'KZ','US',5
'SE','PH',5
'LB','AR',5
'IN','TT',5
'PA','PK',5
'VN','BD',5
'LV','LV',5
None,'SA',5
'KZ','SE',5
'PY','GB',4
'FJ','MX',4
'SA','NL',4
'KZ','CA',4
'PG','CN',4
'IT','PE',4
'UG','CH',4
'GL','CA',4
'NL',None,4
'IN','EC',4
'AT','KE',4
'IQ','RS',4
'NG','HK',4
'VE','TR',4
'BE','PH',4
'ZA','IL',4
'TT','CO',4
'HT','CA',4
None,'AU',4
'CW','CM',4
'JP','PY',4
'AU','AS',4
'SE','LB',4
'AE','UG',4
'HK','NA',4
'CN','MN',4
'GH','CO',4
'PH','TR',4
'BR','CZ',4
'UG','SE',4
'NZ','BE',4
'CU','ID',4
'HK','CO',4
'PH','ES',4
None,'XK',4
'CA','PY',4
'BE','MR',4
'PR','MY',4
'OM','SA',4
'VE','FR',4
'BJ','MA',4
'HK','CZ',4
'SE','RO',4
'NA','CA',4
'TW','NP',4
'PR','NG',4
'ZW','QA',4
'CL','AR',4
'ID','AG',4
'DE','UA',4
'RU','DK',4
'TZ','BE',4
'RW','CH',4
'CA','CW',4
'PH','PR',4
'MX','BS',4
'GR','LB',4
'FR','BS',4
'SE','MA',4
'NG','DK',4
'PG','KE',4
'LB','NP',4
'IQ','ES',4
'PH','CN',4
'LB','MR',4
'ES','AG',4
'PS','IN',4
'RU','IQ',4
'SK','TZ',4
'NO','PR',4
'GB','LR',4
'PS','TR',4
'IN','PY',4
'BJ','KE',4
'LA','AU',4
'PS','IT',4
'GQ','ES',4
'SV','CA',4
'NO','FR',4
'KH','TN',4
'ID','PR',4
'ES','AT',4
'AT','BR',4
'IL','QA',4
'ES','HU',4
'TJ','PK',4
'PR','EG',4
'RU','LB',4
'BD','JP',4
'PR','RW',4
'VE','CH',4
'JP','IL',4
'NO','UG',4
'RU','BY',4
'GR','EG',4
'SK','DK',4
'ZA','KW',4
'CO','LT',4
'AE','ID',4
'SA','BE',4
'HR','KW',4
'DE','MV',4
'KW','CA',4
'TW','BR',4
'LA','KR',4
'KW','MX',4
'AU','SK',4
'MZ','HK',4
'EC','ZA',4
'CN','UM',4
'JP','PE',4
'US','PN',4
'SA','PS',4
'UM','GB',4
'VE','PR',4
'JP','GR',4
'VN','CO',4
'TR','FI',4
'ZA','BM',4
'HR','IL',4
'AR','TH',4
'CA','MV',4
'AT','TR',4
'ES','CR',4
'ID','TN',4
'CU','PT',4
'GB','TM',4
'JP','AT',4
'DK','BR',4
'PA','KR',4
'AM','DK',4
'PS','BR',4
'KW','TW',4
'MR','ES',4
'BE','VE',4
'BD','MX',4
'DK','EG',4
'RW','UG',4
'GH','PK',4
'CN','UY',4
'CL','NZ',4
'UG','IL',4
'TH','NO',4
'ZW','ES',4
'CM','IT',4
'RW','KE',4
'GB','BH',4
'CA','SV',4
'TJ','SA',4
'TW','FR',4
'CN','MU',4
'PH','CO',4
'TZ','TR',4
'FI','NO',4
'VC','CA',4
'CN','FI',4
'VN','VE',4
'NG','LB',4
'SA','SG',4
'IQ','PH',4
'AI','US',4
'FR','ZW',4
'GQ','GB',4
'PL','TR',4
'QA','TH',4
'FR','RS',4
'SG','TR',4
'AM','FR',4
'BH','ES',4
'JP','SK',4
'CH','AE',4
'JO','MY',4
'CM','IN',4
'AU','MC',4
'TH','RU',4
'TR','EG',4
'HR','PT',4
'TT','TH',4
'NG','CF',4
'MY','PG',4
'CZ','IT',4
'PL','LB',4
'MV','EG',4
'CA','KH',4
'KR','PR',4
'FI','ZA',4
'IQ','IE',4
'VN','FR',4
'BN','AU',4
'KW','TR',4
'HK','TZ',4
'PT','JP',4
'TZ','RW',4
'RU','NZ',4
'PK','TH',4
'AT','IQ',4
'CL','ID',4
'RO','CA',4
'MX','CR',4
'MM','NO',4
'SK','ID',4
'CH','IQ',4
'IT','AZ',4
'TZ','MZ',4
'KR','PT',4
'BW','BW',4
'PL','AE',4
'MP','TZ',4
'VN','HK',4
'CG','ZW',4
'CN','BJ',4
'DE','VI',4
'CA','DJ',4
'IN','VN',4
'GB','SY',4
'JM','TT',4
'CO','LI',4
'MC','BE',4
'BR','DK',4
'KW','OM',4
'SO','GB',4
'PA','CO',4
'BQ','NL',4
'MC','SE',4
'DE','KW',4
'CO','JM',4
'CG','ID',4
None,'MY',4
'SE','KE',4
'TR','CN',4
'IN','AT',4
'TT','MY',4
'BR','MZ',4
'AT','MX',4
'ZA','NP',4
'OM','PK',4
'HK','VN',4
'IE','CH',4
'CA','LR',4
'CL','MY',4
'BR','NZ',4
'CH','CU',4
'CA','TC',4
'HK','CY',4
'AU','TZ',4
'IQ','NL',4
'HU','AU',4
'KR','RO',4
'FI','AT',4
'MY','MC',4
'GB','BG',4
'PR','PA',4
'SG','FR',4
'PK','NO',4
'SK','PL',4
'LB','NO',4
'NO','ID',4
'GH','CU',4
'CU','BD',4
'GB','RW',4
'EG','KR',4
'JP','IE',4
'PG','ZA',4
'LB','DZ',4
'SA','PH',4
'HK','TL',4
'CG','PG',4
'VG','VI',4
'LA','IN',4
'MY','TN',4
'DK','NZ',4
'TR','NZ',4
'CL','VG',4
'AE','CN',4
'PL','IL',4
'PE','CH',4
'LI','DE',4
'US','KZ',4
'CH','UM',4
'LB','LY',4
'GB','KM',4
'GH','ZW',4
'CA','JO',4
'SA','QA',4
'GR','JP',4
'BD','ID',4
'SG','SA',4
'AT','FI',4
'CA','TF',4
'MY','BM',4
'MZ','FI',4
'MA','JP',4
'IR','CH',4
'KE','IL',4
'TW','BE',4
'ID','TR',4
'IQ','TH',4
'CG','CN',4
'GR','LU',4
'CN','CM',4
'CL','IL',4
'IN','PN',4
'MX','TW',4
'PS','CH',4
'CN','KW',4
'CA','EE',4
'US','BA',4
'SI','SE',3
'IQ','OM',3
'JP','RS',3
'MC','AE',3
'GR','SK',3
'VE','HU',3
'ET','US',3
'PL','GH',3
'ES','RS',3
'CU','AT',3
'US','GM',3
'JP','MG',3
'AU','AI',3
'TZ','CA',3
'VE','IL',3
'VN','CH',3
'SA','JP',3
'UG','ID',3
'GR','NG',3
'IT','CR',3
'QA','AU',3
'SG','NL',3
'ES','PK',3
'HU','FR',3
'KE','RU',3
'PR','FR',3
'IQ','NP',3
'TH','EG',3
'SN','BJ',3
'PK','HR',3
'KW','KE',3
'DK','PE',3
'PE','PA',3
'BR','GR',3
'NL','AE',3
'CL','CN',3
'CU','DK',3
'NZ','CH',3
'LB','KR',3
'VG','GB',3
'TW','NO',3
'SA','BR',3
'CA','CY',3
'ZA','VE',3
'BR','ZW',3
'SE','MY',3
'SE','VN',3
'ES','NP',3
'LB','VG',3
'CU','SA',3
'SY','GB',3
'CA','AI',3
'NZ','RS',3
'RW','QA',3
'PR','HK',3
'VN','IE',3
'IN','RS',3
'AM','DE',3
'GB','LA',3
'GB','KH',3
'UZ','US',3
'CU','EH',3
'MY','MA',3
'GR','AT',3
'PY','UY',3
'GB','AQ',3
None,'QA',3
'CD','US',3
'TR','LI',3
'QA','PH',3
'CF','KE',3
'CZ','PT',3
'BE','UM',3
'CG','IL',3
'PG','GR',3
'SG','ZA',3
'SA','NP',3
'SG','AR',3
'BD',None,3
'CH','MZ',3
'IL','GR',3
'ZW','GM',3
'PS','PT',3
'FI','MC',3
'LU','US',3
'ZW','TZ',3
'KW','AU',3
'NZ','VN',3
'PS','DK',3
'YT','US',3
'ZA','GQ',3
'BR','AT',3
'CN','CF',3
'GR','PH',3
'ID','RS',3
'JO','PS',3
'SI','MY',3
'GB','KP',3
'PK','IR',3
'ZW','VN',3
'LK','US',3
'BE','GH',3
'IE','AE',3
'MZ','CA',3
'TN','AU',3
'TH','BS',3
'EG','ID',3
'PA','JP',3
'HU','RS',3
'FR','SI',3
'SE','TW',3
'IR','DE',3
'TR','KE',3
'SK','HU',3
'CG','MA',3
'SN','US',3
'KW','JO',3
'KE','GR',3
None,'NL',3
'PE','FR',3
'IT','MM',3
'NL','CU',3
'AU','CW',3
'IL','HK',3
'MR','BE',3
'CN','VG',3
'ZA','GR',3
'CZ','CO',3
'BO','BO',3
'LT','GB',3
'CL','PY',3
'CZ','AU',3
'CA','AS',3
'MM','HK',3
'LB','FR',3
'HU','CO',3
'ZA','AG',3
'JO','KE',3
'TJ','US',3
'CM','BE',3
'GE','TW',3
'EC','CO',3
'TH','NG',3
'QA',None,3
'HR','PH',3
'TH','AT',3
'ZA','BD',3
'GR','GI',3
'KM','KM',3
'CG','CL',3
'AU','QA',3
'KE','SG',3
'PN','US',3
'TZ','AU',3
'BE','IL',3
'MX','LB',3
'KP','CL',3
'NZ','IR',3
'AR','CH',3
'AU','LA',3
'LA','GB',3
'PL','UA',3
'SH','US',3
'CH','PG',3
'SK','SK',3
'AQ','CL',3
'NO','HK',3
'UG','VN',3
'TN','DE',3
'JP',None,3
'TH','KH',3
'IL','SV',3
'CZ','FR',3
'PL','NP',3
'VN','IL',3
'EG','RU',3
'NL','MK',3
'AU','MZ',3
'PS','GS',3
'AS','CA',3
'HR','ES',3
'DJ','CH',3
'CA','IS',3
'TH','NZ',3
'CA','KP',3
'IT','PG',3
'CH','KW',3
'FR','MR',3
'SO','KE',3
'TN','GH',3
'TH','ES',3
'DE','AI',3
'SR','NL',3
'AQ','ES',3
'GB','ML',3
'BE','ID',3
'KE','TR',3
'ES','JO',3
'PA','PR',3
'LB','MX',3
'SG','IT',3
'NZ','TR',3
'SE','TZ',3
'MY','PL',3
'CG','TW',3
'RW','JP',3
'IN','SI',3
'TW','CH',3
'ID','GQ',3
'BS','CH',3
'MY','IL',3
'NO','BE',3
'MC','LI',3
'IE','KE',3
'MY','VN',3
'KR','KH',3
'IT','EC',3
'LI','NG',3
'AT','SA',3
'NO','TW',3
'TR','RU',3
'TW','MX',3
'KE','PT',3
'CG','SS',3
'GI','US',3
'NP','UG',3
'NZ','PL',3
'ZA','IQ',3
'EG','NG',3
'PY','AR',3
'ES','SI',3
'NG','BS',3
'FR','PE',3
'PL','PK',3
'GH','NO',3
'UY','PE',3
'CA','LV',3
'MG','MX',3
'CM','CN',3
'SV','AU',3
'SG','BR',3
'IE','SA',3
'TH','SA',3
'ES','IQ',3
'AU','IS',3
'PA','CR',3
'SL','US',3
'ZA','EG',3
'NL','MA',3
'TW','CL',3
'PL','FI',3
'UG','TZ',3
'AR','SE',3
'LB','BE',3
'DZ','FR',3
'MA','NP',3
'NL','AR',3
'PA','EG',3
'HK','BT',3
'ZA','PA',3
'LB','IQ',3
'NO','FI',3
'SI','DK',3
'LS','GB',3
'US','BQ',3
'IT','DO',3
'BD','PA',3
'UY','DO',3
'RU','RO',3
'AT','PH',3
'SA','ZA',3
'TN','JP',3
'JO','DJ',3
'KE','TH',3
'SA','IR',3
'CA','JE',3
'DE','MN',3
'MM','KE',3
'GB','GU',3
'NL','PG',3
'CH','PR',3
'PA','CL',3
'TT','GB',3
'ZW','BE',3
'KR','MA',3
'NP','SA',3
'PK','BH',3
'CO','GH',3
'GB','AF',3
'DK','SA',3
'KW','CU',3
'RO','EG',3
'LV','GB',3
'SD','ID',3
'CU','HN',3
'HR','JP',3
'ID','SD',3
'CA','FJ',3
'GG','IN',3
None,'RS',3
'KP','DK',3
'BE','LU',3
'JP','HU',3
'CA','TN',3
'PL','RO',3
'IR','ES',3
'PG','FR',3
'CL','FR',3
'CN','IR',3
'ZM','NG',3
'BG','NL',3
'IM','US',3
'MU','RS',3
'AU','JE',3
'PH','NZ',3
'BM','BM',3
'SE','HR',3
'CD','ID',3
'CM','ZA',3
'CA','DM',3
'AS','TR',3
'BD','ES',3
'CZ','BE',3
'NO','HU',3
'PK','UG',3
'BE','CZ',3
'BB','GB',3
'BB','IN',3
'PR','IT',3
'ID','MA',3
'BR','PF',3
'CG','VN',3
'IQ','CU',3
'US','SN',3
'DZ','IN',3
'SE','PT',3
'EC','CU',3
'QA','SA',3
'GB','MK',3
'TZ','GR',3
'PR','LB',3
'LC','ZA',3
'PG','NZ',3
'JP','CZ',3
'LS','US',3
'CO','CN',3
'DE','UY',3
'TR','PT',3
'KE','CL',3
'TN','CO',3
'PL','PH',3
'PH','BR',3
'SV','ES',3
'EG','AR',3
'CU','CH',3
'JO','KW',3
'IL','RO',3
'NZ','ID',3
'FJ','CO',3
'SG','ZW',3
'GB','VG',3
'PR','RO',3
'PH','AT',3
'CZ','CL',3
'IE','RO',3
'TW','SE',3
'AE',None,3
'BE','BS',3
'GR','PT',3
'TW','PK',3
'SA','PL',3
'DE','JM',3
'BN','NL',3
'JP','BE',3
'FJ','DE',3
'PL','JE',3
'US','IM',3
'AU','GU',3
'RU','PT',3
'AT','ZA',3
'HK','PY',3
'KR','AE',3
'GB','SN',3
'CH',None,3
'AT','PL',3
'KP','KR',3
'ID','HU',3
'PT','RO',3
'CM','CG',3
'MV','MY',3
'AE','CH',3
'KY','KY',3
'AU','BJ',3
'DE','ZW',3
'HK','LV',3
'ZW','VG',3
'GU','AU',3
'PR','PT',3
'LI','FR',3
'SG','PK',3
'CA','DZ',3
'GH','HK',3
'MX','CF',3
'UG','AR',3
'ZW',None,3
'PE','IT',3
'BR','NG',3
'ES','GH',3
'CA','CM',3
'AU','CZ',3
'BM','MY',3
'FR','KE',3
'JO','AU',3
'FR','RE',3
'IL','PY',3
'BD','IQ',3
'GB','LY',3
'CN','OM',3
'GH','CH',3
'VN','SE',3
'PH','RS',3
'IT','EE',3
'CZ','PL',3
'BR','PK',3
'SA','FR',3
'FR','AT',3
'CM','NG',3
'AO','US',3
'ZM','ZA',3
'EC','AE',3
'KR','LB',3
'CO','NG',3
'MY','SK',3
'PH','VN',3
'GR','TR',3
'AQ','PY',3
'TZ','MP',3
'CG','KR',3
'SE','SK',3
'SE','KW',3
'NL','LB',3
'BD','SE',3
'SO','US',3
'NG','TH',3
'AZ','GB',3
'NZ','GH',3
'NO','HR',3
'MC','RS',3
'GR','VN',3
'NG',None,2
'CL','TV',2
'ZW','RW',2
'HU','GR',2
'BD','ZW',2
'CU','AU',2
'IR','FR',2
'EG','GM',2
'KY','IN',2
'VN','JP',2
'AE','IE',2
'IQ','PY',2
'MY','NP',2
'NL','HR',2
'AE','EC',2
'IL','TW',2
'DE','GG',2
'IL','PR',2
'IL','EC',2
'IR','NO',2
'HK','DO',2
'SK','NL',2
'CF','HK',2
'PK','NP',2
'ZW','TC',2
'TT','CA',2
'SE','UY',2
'ID','BH',2
'CH','UY',2
'SI','BR',2
'DE','LT',2
'AU','AX',2
'EG','NP',2
'PR','AE',2
'NG','QA',2
'ID','RW',2
'DJ','PA',2
'KH','CA',2
'PK','PL',2
'NG','JO',2
'ID','FI',2
'TH','GF',2
'ZA','PF',2
'GB','OM',2
'PK','CL',2
'IE','ZW',2
'UG','IE',2
'IT','PY',2
'VE','FI',2
'BS','GR',2
'ZA','SV',2
'DK','HU',2
'US','UZ',2
'IT','CF',2
'PT','TR',2
'ES','GR',2
'NG','EC',2
'MY','AE',2
'GR','JO',2
'PH','VI',2
'SI','ES',2
'AR','KR',2
'RW','AU',2
'BS','KE',2
'CO','ZW',2
'SK','MY',2
'ID','MC',2
'CO','HT',2
'LB','TH',2
'QA','SE',2
'PY','TW',2
'TH','CM',2
'PY','VE',2
'CR','FR',2
'PH','AS',2
'DE','GI',2
'CG','ES',2
'LB','CY',2
'VI','NP',2
'RU','ZW',2
'TZ','AR',2
'IE','SD',2
'CR','PL',2
'NZ','IQ',2
'HR','DK',2
'SD','ZA',2
'BE','LI',2
'BD','UG',2
'AG','JP',2
'QA','KW',2
None,'PL',2
'BS','SI',2
'IQ','RO',2
'IT','PS',2
'CA','GD',2
'SK','FR',2
'GR','TH',2
'SA','HK',2
'EE','DE',2
'JO','NG',2
'ID','VE',2
'IE','HR',2
'SA','TH',2
'IN','FI',2
'NL','CR',2
'MX','GT',2
'IQ','MX',2
'RW','GR',2
'TR','RS',2
'MM','IT',2
'GH','MX',2
'ID','PF',2
'CY','GB',2
'CA','BH',2
'VE','AI',2
'PE','AR',2
'CA','GU',2
'ZA','CR',2
'MV','SE',2
'PL','CZ',2
'FJ','BS',2
'HK','GF',2
'FJ','NL',2
'LU','DE',2
'NO','MR',2
'NG','MA',2
'CH','MM',2
'GB','AO',2
'PR','IE',2
'BE','BJ',2
'IE','PK',2
'VN','PR',2
'PA','HN',2
'US','FM',2
'BR','TV',2
'PR','KR',2
'GB','CW',2
'UM','CO',2
'CH','LS',2
'PS','KW',2
'CU','DM',2
'AE','BD',2
'NA','IN',2
'FI','IE',2
'PA','HK',2
'KP','JP',2
'PG','IT',2
'BR','VN',2
'VE','HN',2
'IE','PH',2
'CG','AR',2
'CZ','MX',2
'VN','DM',2
'IQ','MA',2
'HU','VE',2
'HK','CG',2
None,'IQ',2
'HR','BE',2
'CH','BS',2
'CG','VI',2
'KP','MX',2
'ES','MZ',2
'NO','SA',2
'UY','IT',2
'GR','TW',2
'DO','CH',2
'SG','DO',2
'EC','DO',2
'IE','RU',2
'SI','RO',2
'FR','HT',2
'CG','PH',2
'DE','ML',2
'AR','NO',2
'CO','FI',2
'AU','DZ',2
'TR','VN',2
'UY','DE',2
'PT','JM',2
'DK','OM',2
'MC','LB',2
'AR','HK',2
'AR','GH',2
'VE','PA',2
'SI','MX',2
'CZ','SG',2
'DK','DO',2
'EG','AU',2
'TR','AE',2
'DE','CG',2
'AU','BD',2
'BN','ID',2
'CG','DK',2
'DE','SD',2
'SG','NP',2
'DO','AR',2
'BW','CA',2
'PT','EG',2
'PL','AG',2
'CH','TT',2
'JE','CA',2
'ZA','SI',2
'ZA','SS',2
'BH','PK',2
'DK','AT',2
'PT','AG',2
'BJ','GB',2
'TN','BE',2
'VE','IE',2
'PT','UG',2
'DE','JE',2
'MX','AL',2
'MA','CU',2
'MA','RS',2
'BD','TN',2
'FR','RO',2
'NE','US',2
'AE','SE',2
'BE','BN',2
'FR','TT',2
'CA','LT',2
'DZ','GB',2
'VG','MX',2
'ZW','UM',2
'EG','OM',2
'VC','MY',2
'BM','FR',2
'CH','JO',2
'AR','JP',2
'TW','VE',2
'IT','TZ',2
'MA','ZA',2
'VI','NL',2
'BS','NG',2
'ES','VN',2
'SA','VE',2
'RS','NZ',2
'CA','SN',2
'ID','PY',2
'AU','HR',2
'TH','MM',2
'GH','NL',2
'KR','BT',2
'AU','LV',2
'ZA','TW',2
'TR','PR',2
'CN','GQ',2
'SI','ID',2
'AZ','CA',2
'PS','NG',2
'DO','DE',2
'JP','RO',2
'NO','CZ',2
'NP','PH',2
'NG','CL',2
'PA','HU',2
'MY','LB',2
'MC','MU',2
'TZ','CH',2
'IR','MX',2
'DO','AU',2
'PK','PA',2
'NG','AT',2
'RW','NG',2
'VN','MA',2
'FJ','CN',2
'SE','AR',2
'NZ','KW',2
'AT','RO',2
'UG','CN',2
'GR','KW',2
'ZA','PE',2
'NI','US',2
'PL','NA',2
'MG','IN',2
'TR','TW',2
'PY','CO',2
'IL','JO',2
'UZ','IN',2
'CZ','MY',2
'TW','CZ',2
'HR','RU',2
'MX','BN',2
'PG','WS',2
'HK','MT',2
'MG','BE',2
'ME','TR',2
'NG','CY',2
'PH',None,2
'JP','KE',2
'BE','HU',2
'ID',None,2
'KE','LR',2
'DO','JP',2
'CO','RU',2
'PY','BE',2
'WS','US',2
'NG','EE',2
'TN','ZA',2
'KW','UG',2
'SG','CL',2
'TN','AE',2
'FR',None,2
'TT','LB',2
'ZW','NP',2
'MA','HK',2
'AE','LB',2
'LB','AT',2
'KR','NI',2
'KW','NG',2
'UG','FR',2
'EG','UM',2
'BM','NZ',2
'HU','PL',2
'SA','LY',2
'MX','MC',2
'CD','IN',2
'SA','AR',2
'MR','IT',2
'SD','NL',2
'MX','JO',2
'CU','EC',2
'DK','BJ',2
'TJ','GB',2
'PT','GR',2
'CL','NG',2
'SA','SE',2
'IT','TN',2
'MX','TZ',2
'GR','FI',2
'NG','MZ',2
'CL','SV',2
'SY','AU',2
'KW','DE',2
'IE','CN',2
'CF','CO',2
'PK','CH',2
'VG','AU',2
'HK','BS',2
'HK','IR',2
'GT','US',2
'EE','FI',2
'SE','AX',2
'CD','CA',2
'KE','AO',2
'KR','NG',2
'CA','MP',2
'BM','IE',2
'MG','IT',2
'PT','AE',2
'PK','RO',2
'TH','NP',2
'MX','EG',2
'CO','CW',2
'JP','VE',2
'KE','UA',2
'CZ','JP',2
'IL','MA',2
'PR','CU',2
'BE','WS',2
'JP','VI',2
'RW','MY',2
'NL','DJ',2
'MX','CZ',2
'IQ','EG',2
'PK','VE',2
'AG','CU',2
'NZ','AE',2
'CO','KW',2
'SN','ZA',2
'GU','HK',2
'SI','CH',2
'CH','SK',2
'BR','PE',2
'ES','SG',2
'TZ','IL',2
'AE','NZ',2
'CG','YT',2
'SG','BH',2
'RW','IT',2
'BM','ID',2
'GH','JP',2
'IQ','SE',2
'BR','PG',2
'DE','MD',2
'MX','LS',2
'CA','SR',2
'LT','DE',2
'JP','EG',2
'MM','DE',2
'KR','CM',2
'PH','MG',2
'OM','LB',2
'BM','TW',2
'KR','RS',2
'RS','IN',2
'ZA','RS',2
'CF','SE',2
'CG','QA',2
'CZ','PR',2
'NG','UA',2
'RS','BR',2
'MY','CO',2
'MA','GH',2
'GF','US',2
'KH','IT',2
'MM','IN',2
'US','AO',2
'IE','TH',2
'DK','CO',2
'DK','MY',2
'NO','RU',2
'IL','LT',2
'NO','VE',2
'CU','HK',2
'IL','KP',2
'PR','NZ',2
'FJ','KW',2
'US','BF',2
'BW','ZA',2
'AE','PS',2
'KP','EC',2
'AR','PT',2
'AG','CA',2
'PH','NL',2
'TL','IN',2
'IN','RE',2
'GB','CG',2
'VN','MM',2
'CL','AT',2
'RU','SA',2
'KZ','JP',2
'MA','BJ',2
'LB','ES',2
'PL',None,2
'AG','FR',2
'VE','KR',2
'AU','LT',2
'IL','CN',2
'PA','PT',2
'PS','PG',2
'ZW','TH',2
'PT','CU',2
'NL','CZ',2
'SG','MM',2
'CG','TR',2
'PT','NO',2
'CA','QA',2
'TZ','SA',2
'PS','BD',2
'KR','RU',2
'IE','SG',2
'TZ','ZM',2
'NO','CN',2
'NL','CM',2
'CY','IT',2
'UA','PL',2
'NO','MZ',2
'AU','LI',2
'RO','PL',2
'ES','DJ',2
'NL','KW',2
'PH','OM',2
'TR','ZW',2
'IN','FJ',2
'KP','IT',2
'NL','SR',2
'KW','MU',2
'AU','UG',2
'NP','BJ',2
'AR','JO',2
'AZ','IN',2
'VE','VC',2
'IT','JE',2
'IE','JP',2
'CR','NG',2
'EG','AT',2
'IT','CY',2
'MR','CN',2
'SE','PE',2
'HU','CA',2
'LT','KE',2
'HU','CH',2
'SG','EG',2
'EG','DK',2
'IQ','PT',2
'CU','NO',2
'MM','ZA',2
'NO','PT',2
'GB','SV',2
'AE','KW',2
'MR','IN',2
'PR','TT',2
'CL','MZ',2
'AZ','DE',2
'FR','CD',2
'TH','RO',2
'TN','NO',2
'CH','UG',2
'GB','UA',2
'BD','RE',2
'SK','DE',2
'PL','VE',2
'KH','MY',2
'TZ','SL',2
'GB','DM',2
'CL','PH',2
'TZ','FR',2
None,'ES',2
'CA','TT',2
'PE','TH',2
'DE','UM',2
'CA','CD',2
'MX','MV',2
'PA','EC',2
'BR','SG',2
'IN','PF',2
'BR','AZ',2
'ID','IR',2
'SE','EC',2
'PE','AU',2
'KI','CA',2
'SA','ES',2
'PE','IN',2
None,'JP',2
'PH','AZ',2
'MZ','LB',2
'QA','KE',2
'PL','MU',2
'NG','KH',2
'IE','TZ',2
'CU','TH',2
'BE','RS',2
'CL','EC',2
'FR','GF',2
'EG','PL',2
'ES','FI',2
'EG','TR',2
'KE','PE',2
'PA','BR',2
'PR','CH',2
'NZ','DK',2
'ZM','FR',2
'CZ','PH',2
'IN','LY',2
'CH','MR',2
'SE','GM',2
'FI','EE',2
'CN','TL',2
'KH','TH',2
'SE','SI',2
'AQ','AQ',2
'KG','US',2
'PE','SE',2
'HU','ES',2
'GB','MZ',2
'FR','KH',2
'PS','CL',2
'BS','IT',2
'GB','FJ',2
'QA','ID',2
'RW','NP',2
'NP','IT',2
'NL','TH',2
'MZ','IN',2
'MU','DE',2
'LB','DK',2
'BF','GB',2
'BE','PR',2
'CZ','SI',2
'NG','BM',2
'EE','EE',2
'CU','FI',2
'KE','HR',2
'NL','MC',2
'FJ','IT',2
'PS','PH',2
'FR','BD',2
'AO','NG',2
'CH','CM',2
'IR','AU',2
'MX','SD',2
'ZW','KR',2
'HR','MC',2
'PY','CH',2
'PG','BE',2
'GH','ID',2
'IL','MP',2
'IT','LS',2
'TT','MX',2
'SA','CU',2
'SK','IT',2
'MX','NP',2
'TN','MY',2
'DJ','NL',2
'DK','CY',2
'ES','CZ',2
'GB','MG',2
'CO','AL',2
'ML','CA',2
'RU','EG',2
'EG','NZ',2
'PE','DO',2
'SG','MY',2
'MX','HR',2
'PK','CU',2
'MA','BE',2
'FR','CL',2
'MX','ZM',2
'MU','CA',2
'NL','MZ',2
'JP','ML',2
'PK','AR',2
'US','MW',2
'CN','SO',2
'VC','NG',2
'IS','PH',2
'PT','GH',2
'KR','MN',2
'CN','FJ',2
'VG','BS',2
'SG','CZ',2
'TM','US',2
'AR','NL',2
'NL','VE',2
'ES','LB',2
'RU','AT',2
'GB','HN',2
'GH','KR',2
'BS','CO',2
'GB','GQ',2
'TH','IE',2
'NG','IL',2
'AT','ID',2
'ID','PL',2
'MV','KE',2
'CN','LT',2
'MR','PT',2
'NZ','FJ',2
'DE','VA',2
'NO','TH',2
'IQ','TR',2
'AU','LU',2
'TJ','DE',2
'BN','CA',2
'GH','BE',2
'MP','CA',2
'TR','IQ',2
'TR','BA',2
'AE','MX',2
'BD','SA',2
'MR','CO',2
'PA','ZW',2
'SV','PY',2
'PA','NZ',2
'PL','PE',2
'IQ','BE',2
'SV','GR',2
'IL','AL',2
'FJ','CH',2
'FR','VN',2
'PH','SE',2
'CO','BF',2
'GR','AE',2
'PR','PH',2
'NA','CH',2
'KR','BE',2
'ES','KE',2
'PH','BM',2
'JP','FI',2
'NA','SE',2
'SE','LR',2
'KR','MK',2
'GB','LI',2
'RU','CZ',2
'JO','QA',2
'AG','AI',2
'NG','PY',2
'BE','MD',2
'TR',None,2
'GM','GM',2
'TN','ID',2
'KE','CG',2
'PS','MY',2
'DK','KZ',2
'AR','PH',2
'SG','NZ',2
'NG','IR',2
'PL','SG',2
'EC','FR',2
'FJ','FR',2
'MM','KR',2
'MZ','GB',2
'NO','PY',2
'PY','CL',2
'AM','PT',2
'UY','NO',2
'RO','IN',2
'RE','FR',2
'BR','MY',2
'VN','IQ',2
'CN','HR',2
'US','ET',2
'PR','VI',2
'SC','US',2
'CN','IQ',2
'MP','GU',2
'ZM','DE',2
'BI','US',2
'CO','SI',2
'ZW','NZ',2
'DE','CY',2
'RS','FR',2
'MV','AU',2
'BD','NG',2
'PR','GR',2
'ES','KH',2
'CU','AG',2
'US','ME',2
'SG','KW',1
'SD','SD',1
'MP','GB',1
'TW','PR',1
'NG','VN',1
'GG','NL',1
'IL','MR',1
'CW','PT',1
'RS','AL',1
'AU','PS',1
'GR','MW',1
'HR','FI',1
'LA','PH',1
'SE','TF',1
'GR','MM',1
'ZA','LB',1
'MA','NZ',1
'HR','VE',1
'CA','GG',1
'CG',None,1
'KR','CN',1
'IE','LU',1
'PR','VN',1
'PH','AR',1
'ZA','MK',1
'MX','LT',1
'MM','AU',1
'PT','KP',1
'MA','IQ',1
'GR','BR',1
'CN','CR',1
'NL','BN',1
'NL','EE',1
'JO','ES',1
'CN','LS',1
'AR','VN',1
'FR','EE',1
'JP','UY',1
'HN','PR',1
'AQ','MY',1
'MR','CU',1
'KI','NZ',1
'EG','DO',1
'TH','PE',1
'CH','GG',1
'GB','YE',1
'MA','KH',1
'DE','TN',1
'BF','MX',1
'PT','BB',1
'KP','CN',1
'CF','IT',1
'EG','RO',1
'ZA','JO',1
'BR','AG',1
'MC','PK',1
'IT','GM',1
'SY','ZA',1
'VI','ZA',1
'TH','MP',1
'HU','MX',1
'CG','JM',1
'TR','TZ',1
'MY','SE',1
'CU','IS',1
'PL','MD',1
'FJ','PT',1
'CA','MK',1
'SE','SS',1
'SI','NZ',1
'TL','US',1
'TN','PT',1
'DK','IR',1
'DO','TW',1
'GS','CA',1
'SR','CO',1
'PE','KR',1
'PT','PA',1
'AQ','DE',1
'BF','DK',1
'IR','BE',1
'DK','PG',1
'CH','TN',1
'PA','DK',1
'CF','DE',1
'GH','PT',1
'VG','NL',1
'EG','IE',1
'AQ','IT',1
'CN','PN',1
'QA','AR',1
'NG','CD',1
'DK','MM',1
'CL','IE',1
'MM','GB',1
'IE','AI',1
'TN','IT',1
'BD','HU',1
'CA','TZ',1
'CW','BE',1
'GR','MY',1
'ZM','MX',1
'FJ','AE',1
'IE','CY',1
'FR','UA',1
'FJ','ID',1
'MC','ZW',1
'JO','FR',1
'BE','SG',1
'AT','VE',1
'CZ','KE',1
'AG','LK',1
'CL','BE',1
'SH','GB',1
'AS','JP',1
'GH','MZ',1
'LB','PS',1
'MM','NL',1
'AU','SZ',1
'CU','SV',1
'DK','CL',1
'MP','DE',1
'IQ','DK',1
'KG','HK',1
'HT','CO',1
'ZW','RU',1
'BE','DZ',1
'TT','CH',1
'IQ','BR',1
'CL','PA',1
'BR','AR',1
'GI','BR',1
'SI','NO',1
'BR','TW',1
'LK','LK',1
'PE','CA',1
'BB','CL',1
'MA','CN',1
'HN','PH',1
'KR','MV',1
'UA','RU',1
'DE','OM',1
'CH','CD',1
'IN','IO',1
'FJ','TR',1
'SN','IT',1
'MN','IT',1
'NA','RU',1
'LB','MA',1
'IM','CA',1
'KE','BG',1
'NO','CL',1
'GB','BF',1
'BA','SA',1
'BR','RO',1
'TZ','QA',1
'AR','IL',1
'BR','LY',1
'RO','MX',1
'TN',None,1
'MU','BW',1
'MA','KP',1
'HR','AR',1
'CN','GG',1
'MY','PR',1
'RW','IE',1
'KR',None,1
'TW','BD',1
'HR','SI',1
'FR','LY',1
'EC','IT',1
'BM','CU',1
'BE','MK',1
'LT','AZ',1
'HK','HT',1
'MU','IT',1
'ZW','PL',1
'PA','AG',1
'ZM','AE',1
'MA','PR',1
'SV','SE',1
'EC','PY',1
'CH','MV',1
'QA','BE',1
'MN','US',1
'IN','TN',1
'BF','AR',1
'AF','IE',1
'MX','MA',1
'GB','BZ',1
'BN','CN',1
'MZ','VE',1
'UG','JP',1
'BM','JP',1
'FR','HR',1
'SV','CR',1
'TZ','JP',1
'IR','IN',1
'NO','RO',1
'BE','SR',1
'RS','ZW',1
'ES','RE',1
'TW','PT',1
'BR','RS',1
'NL','TL',1
'PK','PN',1
'FR','SA',1
'FJ','CR',1
'EG','NO',1
'BS','MY',1
'LU','IT',1
'SE','KP',1
'BD','BH',1
None,'AT',1
'PH','MA',1
'RU','MK',1
'SN','KM',1
'VE','RU',1
'UM','KW',1
'MR','IL',1
'NA','GB',1
'KP','GR',1
'PF','NL',1
'PT','NZ',1
'KG','CA',1
'KW','ES',1
'RW','GB',1
'NP','GR',1
'TH','DO',1
'IT','KW',1
'EG','CL',1
'SE','FJ',1
'NZ','BM',1
'PL','EG',1
'VI','AU',1
'FI','PL',1
'CD','IL',1
'TZ','DE',1
'PR','PG',1
'KE','IE',1
'KG','BE',1
'TZ','CO',1
'CR','PR',1
'SD','JP',1
'JO','PH',1
'CG','AT',1
'NG','KP',1
'LY','US',1
'TZ','AE',1
'IR','RU',1
'TT','ID',1
'NG','GU',1
'LI','SG',1
'GH','UG',1
'AE','ZM',1
'MX','PK',1
'NZ','QA',1
'CG','NZ',1
'CH','SO',1
'BJ','ZW',1
'TV','MX',1
'PL','AI',1
'ZW','SE',1
'KR','MT',1
'NZ','VU',1
'PA','IT',1
'AR','NI',1
'RO','AR',1
'FJ','BD',1
'LU','PT',1
'ES','CM',1
None,'CL',1
'NZ','TH',1
'CA','NC',1
'TG','US',1
'MV','NL',1
'RS','EG',1
'SA','UY',1
'TR','BS',1
'DE','RE',1
'CG','RU',1
'NO','EC',1
'SN','GB',1
'TT','IN',1
'CM','BF',1
'AT','GR',1
'PH','LB',1
'RU','SG',1
'MV','ES',1
'SD','PR',1
'CN','UG',1
'ES','HN',1
'MR','MX',1
'GH','MW',1
'EE','NL',1
'CO','AG',1
'LR','IN',1
'SD','CN',1
'FR','SN',1
'NZ','TV',1
'AE','IQ',1
'LB','EC',1
'MK','TR',1
'HK','XK',1
'SA','RS',1
'NL','PY',1
'VN','PT',1
'ZA','DO',1
'PH','BJ',1
'SE','CZ',1
'JP','EC',1
'DE','BM',1
'RS','KW',1
'JP','LU',1
'BD','EG',1
'MC','IE',1
'HN','MX',1
'PK','MC',1
'ER','IT',1
'FI','AR',1
'RU','SS',1
'IT','CM',1
'KZ','CH',1
'NZ','GR',1
'DM','IS',1
'NO','GQ',1
'AG','DE',1
'JP','CR',1
'ID','VI',1
'TV','NZ',1
'ID','MT',1
'AG','IQ',1
'RO','BR',1
'IT','SO',1
'NZ','KR',1
'PG','TR',1
'BA','GB',1
'PN','JP',1
'CD','ZW',1
'MC','RE',1
'SG','IS',1
'VI','PT',1
'NA','BR',1
'TV','HK',1
'NO','FJ',1
'GI','GB',1
'PR','NP',1
'PL','IQ',1
'SG','RO',1
'TW','IS',1
'EE','DK',1
'BY','IT',1
'PT','DK',1
'US','ER',1
'KR','PY',1
'MA','IL',1
'CN','BW',1
'MY','VE',1
'NG','NP',1
'FR','CR',1
'IQ','PL',1
'CH','TJ',1
'CA','SY',1
'OM','MA',1
'ZA','SN',1
'IN','DO',1
'AQ','MX',1
'JP','BN',1
'AR','IQ',1
'IS','NL',1
'VG','VN',1
'SG','IE',1
'BS','VE',1
'BE','UA',1
'DO','UM',1
'PL','TT',1
'KW','TN',1
'MC','MX',1
'LI','CA',1
'IE','DK',1
'JP','UM',1
'NL','NA',1
'RW','GH',1
'QA','DE',1
'TZ','MY',1
'BM','BD',1
'FI','MY',1
'CG','KM',1
'QA','CF',1
'RO','AE',1
'AI','FR',1
'PS','RO',1
'VC','BB',1
'KP','ID',1
'JP','TV',1
'EG','IL',1
'ZA','KM',1
'TN','HU',1
'MZ','BE',1
'IQ','MY',1
'QA','BR',1
'FR','NC',1
'VN','IR',1
'SE','IS',1
'US','MH',1
'BE','TC',1
'NL','TZ',1
'ZA','BH',1
'SN','FR',1
'RO','KR',1
'KE','BS',1
'SI','NL',1
'BD','AR',1
'SE','VU',1
'AT','BH',1
'AT','NG',1
'TR','AM',1
'UG','AU',1
'ID','BS',1
'MY','BS',1
'SK','AU',1
'VE','BO',1
'DK','JE',1
'FI','KE',1
'SV','IE',1
'AE','PE',1
'CA','PF',1
'TR','TV',1
'MX','CW',1
'FR','PF',1
'MK','ID',1
'TH','PR',1
'UA','AU',1
'YT','GF',1
'ZA','CL',1
'KY','AU',1
'VI','IN',1
'MX','TV',1
'AU','CF',1
'CU','CW',1
'SY','CA',1
'MT','AU',1
'LK','KE',1
'DM','MX',1
'IE','KR',1
'CO','KM',1
'KM','BE',1
'RO','SA',1
'AT','PG',1
'KY','JM',1
None,'MV',1
'BR','UM',1
'DZ','MY',1
'MY','MV',1
'UG','DK',1
'MA','NL',1
'GR','VE',1
'CF','KW',1
'OM','IQ',1
'PS','CR',1
'BB','KE',1
'MU','CM',1
'ID','AS',1
'JP','GH',1
'MG','CA',1
'BN','AE',1
'CU','PY',1
'PH','EG',1
'VI','ID',1
'BR','BQ',1
'VN','EG',1
'SN','MG',1
'NO','GH',1
'PH','AF',1
'MX','YT',1
'FJ','RO',1
'FR','SR',1
'SK','CA',1
'EG','CM',1
'IL','UG',1
'SA','HU',1
'PS','FI',1
'ID','RO',1
'JP','MC',1
'MK','NG',1
'AT','JO',1
'AR','CR',1
'PH','RU',1
'VE','TH',1
'GE','IN',1
'AU','ZM',1
'HR','IE',1
'NO','AR',1
'MM','ID',1
'JP','PK',1
'MD','PL',1
'MZ','DE',1
'CA','TL',1
'CO','CZ',1
'DK','GR',1
'ES','BN',1
'IE','UG',1
'OM','NG',1
'GH','DK',1
'KH','NL',1
'CW','CA',1
'PK','UY',1
'MC','NG',1
'ES','MC',1
'AM','MX',1
'IT','MV',1
'VA','CH',1
'PK','MA',1
'BH','ID',1
'PK','PY',1
'ZA','RO',1
'TC','DE',1
'AF','PT',1
'IE','EG',1
'AR','UG',1
'BG','BR',1
'IT','PN',1
'IE','PF',1
'SL','BD',1
'PL','TJ',1
'BR','GI',1
None,'MC',1
'PR','CL',1
'ES','SR',1
'UG','AE',1
'KP','CG',1
'UA','CL',1
'AZ','IQ',1
'ZW','KW',1
'BD','PK',1
'HT','IN',1
'DO','EC',1
'TW','VN',1
'ES','JM',1
'IL','JM',1
'ZW','BH',1
'VG','IN',1
'CA','RE',1
'CN','NA',1
'SY','LB',1
'DE','KH',1
'CN','EE',1
'ES','BM',1
'CR','SD',1
'TH','JO',1
'MC','IR',1
'PS','EG',1
'CV','US',1
'MM','MY',1
'CO','MC',1
'ES','ML',1
'ZW','AR',1
'MC','RU',1
'CA','LC',1
'LV','PL',1
'RS','ID',1
'QA','SD',1
'AE','ZA',1
'GH','BR',1
'ML','GB',1
None,'OM',1
'MU','CH',1
'VN','QA',1
'BG','BE',1
'SA','PR',1
'NG','RO',1
'NL','PA',1
'BE','ML',1
'SI','TJ',1
'OM','CA',1
'IL','RE',1
'MV','BE',1
'ME','ME',1
'CH','CR',1
'BB','VE',1
'US','FK',1
'PA','MU',1
'ZA','CG',1
'HU','IT',1
'LT','RS',1
'DM','RU',1
'LB','MM',1
'AT','RU',1
'MV','IT',1
'PL','SK',1
'ZW','NO',1
'DO','BQ',1
'GB','GE',1
'SE','SR',1
'GY','US',1
'AS','AU',1
'DJ','PE',1
'BM','BE',1
'BD','FJ',1
'PL','QA',1
'UG','GQ',1
'LT','NG',1
'RO','LB',1
'TH','CZ',1
'IT','MR',1
'NG','NE',1
'MX','GG',1
'CH','CY',1
'RU','TJ',1
'CY','RU',1
'NZ','BW',1
'TR','UM',1
'IN','BM',1
'DE','GQ',1
'TW','EC',1
'ZA','CZ',1
'NP','KZ',1
'BE','GF',1
'VI','SA',1
'BS','BE',1
'SL','GB',1
'NZ','CD',1
'FJ','SN',1
'SK','FI',1
'CU','EG',1
'MZ','NO',1
'JP','CU',1
'RU','OM',1
'ID','FJ',1
'SA','CL',1
'TV','CN',1
'DZ','ID',1
'TF','US',1
'DK','CM',1
'ZW','SK',1
'PK','AT',1
'TN','MU',1
'KN','BB',1
'AL','BE',1
'MZ','MV',1
'FI','LI',1
'MR','JP',1
'KE','BJ',1
'CN','ZW',1
'NA','CG',1
'CN','GU',1
'GE','SE',1
'NZ','BR',1
'FI','TR',1
'RU','KW',1
'NZ','HR',1
'QA','CO',1
'VN','AE',1
'NE','NE',1
'PL','HR',1
'KY','CA',1
'SE','MG',1
'YT','JP',1
'VN','AT',1
'GH','EG',1
'RW','MR',1
'CG','IE',1
'KR','BW',1
'MP','IT',1
'MZ','PT',1
'SA','VN',1
'NE','FR',1
'KM','TW',1
'CH','NC',1
'MC','PT',1
'IT','BB',1
'KE','AR',1
'CA','AL',1
'NA','AT',1
'CH','BW',1
'GF','GB',1
'AU','LS',1
'PS','BJ',1
'LA','NG',1
'BN','PG',1
'PH','TN',1
'MY','KW',1
'CN','PE',1
'ZA','EE',1
'MC','KE',1
'AI','UG',1
'AT','MY',1
'NL','LA',1
'CH','BG',1
'NL','TC',1
'CH','LT',1
'PT','KR',1
'AZ','IT',1
'AO','GB',1
'KE','IQ',1
'DE','WS',1
'PR','BZ',1
'RW','FI',1
'IL','GT',1
'WS','GB',1
'LK','QA',1
'BR','CR',1
'IQ','ZA',1
'MA','PT',1
'BN','PH',1
'BO','SE',1
'GU','CA',1
'TZ','PK',1
'MV','PK',1
'BR','RW',1
'BG','US',1
'AU','KI',1
'MG','TR',1
'HK','VG',1
'VN','OM',1
'BE','BD',1
'MG','SA',1
'SA','KR',1
'ZA','UY',1
'NO','AI',1
'SK','BE',1
'MV','CA',1
'PS','KR',1
'JP','CW',1
'DM','CA',1
'IR','SE',1
'MA','KE',1
'IE','CL',1
'RU','NO',1
'NZ','RU',1
'FR','JM',1
'JP','PA',1
'AT','OM',1
'CL','LT',1
'KH','MA',1
'SD','SE',1
'IT',None,1
'AZ','DK',1
'TZ','NP',1
'PG','MV',1
None,'KE',1
'PG','UG',1
'NZ','ZM',1
'IN','AM',1
'BN','IN',1
'EG','CG',1
'GB','AS',1
'IR','CO',1
'TH','TZ',1
'HN','NG',1
'PT','IE',1
'JM','KE',1
'DE','MU',1
'SA','RU',1
'KR','GR',1
'SI','RU',1
None,'MX',1
None,'SE',1
'MX','DZ',1
'MC','CN',1
'IQ','UY',1
'GF','FR',1
'AU','VA',1
'IT','SV',1
'SK','MX',1
'SG','SI',1
'SL','CA',1
'FI','ES',1
'JO','PT',1
'SE','EG',1
'ZW','GY',1
'IN','GF',1
'CO','KE',1
'FJ','GR',1
'ID','BE',1
'AG','PH',1
'IE','JE',1
'OM','AU',1
'LA','TH',1
None,'EG',1
'VE','UM',1
'HK','AL',1
'VN','NP',1
'FR','AQ',1
'JO','GR',1
'VC','DE',1
'TZ','PR',1
'LI','PK',1
'FI','VN',1
'ZW','MZ',1
'SS','IT',1
'PG','JP',1
'BR','MC',1
'VN','AR',1
'CU','BE',1
'CO','SK',1
'HN','IN',1
'JP','SL',1
'TL','NG',1
'DK','EE',1
'KE','FI',1
'FR','IS',1
'SR','CW',1
'ID','DK',1
'KH','LA',1
'IE','MY',1
'GR','NZ',1
'KE','LS',1
'EG','PE',1
'GH','TH',1
'JP','BT',1
'RW','PK',1
'AU','UA',1
'AE','IR',1
'CZ','ZA',1
'SR','US',1
'OM','MY',1
'VN','TW',1
'TH','IL',1
'HU','IL',1
'HN','JP',1
'IE','AR',1
'GB','VC',1
'BE','PF',1
'MX','ZW',1
'VN','CU',1
'AE','PT',1
'CN','VU',1
'KW','IR',1
'NZ','PT',1
'AU','IO',1
'CZ','TH',1
'QA','CH',1
'CW','NO',1
'UA','GB',1
'JE','CH',1
'CY','FR',1
'RS','VE',1
'AT','NZ',1
'DK','BD',1
'EG','AG',1
'BJ','CO',1
'LS','DE',1
'NL','QA',1
'RU','IS',1
'MP','AU',1
'AE','TC',1
'SD','FR',1
'HU','DK',1
'CM','AU',1
'PH','PT',1
'IQ','CL',1
'PG','CA',1
'CH','OM',1
'PT','NP',1
'GB','KZ',1
'NZ','PE',1
'MR','EG',1
'TJ','ZA',1
'FR','KP',1
'PT','AO',1
'LT','DK',1
'IN','VG',1
'PA','IR',1
'TW','IR',1
'KH','GB',1
'MN','MX',1
'AZ','OM',1
'TN','BR',1
'SK','ES',1
'NZ','PY',1
'CA','UA',1
'GR','UY',1
'HN','VE',1
'AQ','NG',1
'CA','KY',1
'GE','DE',1
'SA',None,1
'EG','IR',1
'BT','MY',1
'NG','NZ',1
'HK','SY',1
'NL','LV',1
'CN','SK',1
'TZ','GH',1
'LA','PG',1
'RU','GH',1
'BE','UG',1
'DE','IS',1
'JP','BS',1
'TT','KE',1
'KW','PS',1
'AU','EC',1
'US','BI',1
'YT','CL',1
'TH','PG',1
'NO','ZM',1
'BJ','HT',1
'TZ','ML',1
'SK','RO',1
'PN','AU',1
'SA','UM',1
'AM','IT',1
'NO','EE',1
'CH','CG',1
'GH','PH',1
'MZ','NL',1
'RS','NL',1
'SI','IT',1
'AE','MA',1
'SY','BH',1
'UM','PA',1
'KR','CY',1
'PY','MZ',1
'ID','BA',1
'AT','TH',1
'CH','GI',1
'MX','VI',1
'LB','VI',1
'HU','SI',1
'MX','RS',1
None,'NO',1
'IL','LY',1
'BD','KH',1
'TR','JO',1
'BG','KE',1
'NZ','AG',1
'BM','MU',1
'AU','OM',1
'SN','MR',1
'RO','NG',1
'VI','BS',1
'GR','DK',1
'PT','ZW',1
'KW','BN',1
'GB','MD',1
'SI','DJ',1
'PA','RU',1
'PS','PK',1
'NZ','TZ',1
'ID','LU',1
'GT','GT',1
'NZ','NG',1
'IN','AG',1
'VE','RS',1
'BD','BR',1
'BJ','SK',1
'IN','CM',1
'KW','SE',1
'MZ','JP',1
'CA','OM',1
'AE','HK',1
'CG','UA',1
'DE','LK',1
'IL','CR',1
'CA','RW',1
'FR','VU',1
'RW','TZ',1
'BS','ZA',1
'ZA','LC',1
'CL','EG',1
'PR','GT',1
'IE','AG',1
'TR','GH',1
'JO','MM',1
'YT','RE',1
'VA','VA',1
'IE',None,1
'CW','TR',1
'DE','BJ',1
'IN','BT',1
'HU','JP',1
'HR','NZ',1
'SA','CH',1
'UG','QA',1
'JO','IN',1
'JO','DE',1
'TG','ZW',1
'BD','GR',1
'KE','PL',1
'UZ','GB',1
'CO','BB',1
'KW','MR',1
'GG','JP',1
'VE','KP',1
'RU','UA',1
'TT','BJ',1
'CO','BJ',1
'ID','BD',1
'FI','AQ',1
'RU','CW',1
'DK','AE',1
'UM','AU',1
'PT','KE',1
'CH','QA',1
'PT','TV',1
'IT','LV',1
'GH','HU',1
'MZ','MU',1
'NP','RS',1
'SI','KR',1
'TR','LR',1
'DK','MA',1
'CN','LC',1
'VG','JP',1
None,'HR',1
'CO','IR',1
'RU','CM',1
'AZ','AU',1
'MR','TR',1
'CG','PT',1
'VE','CW',1
'AR','MY',1
'TF','FR',1
'ZA','MA',1
'IN','LK',1
'JM','BS',1
'HK','SK',1
'ML','JP',1
'TT','CZ',1
'YT','CM',1
'BB','BS',1
'CA','KZ',1
'PF','BR',1
'FI','SA',1
'ZA','KN',1
'CR','MX',1
'SD','NG',1
'LU','GH',1
'CH','ER',1
'CN','JO',1
'SE','MK',1
'UY','IL',1
'IE','NP',1
'ID','UY',1
'AT','HR',1
'NZ','AT',1
'LT',None,1
'FR','SG',1
'NL','RO',1
'CN','JE',1
'GB','LK',1
'SE','AL',1
'CZ',None,1
'TR','NP',1
'PL','BD',1
'CH','GD',1
'TW','CY',1
'KH','VN',1
'TH','BE',1
'SY','MX',1
'TW','SO',1
'AI','AU',1
'PY','GR',1
'SE','CD',1
'HT','VE',1
'MC','CO',1
'CD','BR',1
'FR','PG',1
'TT','HR',1
'ID','IQ',1
'PL','PR',1
'IL','AT',1
'ZA','UA',1
'AF','MY',1
'SI','PH',1
'PS','EC',1
'ZW','AL',1
'ES','HR',1
'GB','VU',1
None,'CR',1
'NO','RS',1
'NG','CR',1
'PH','MZ',1
'TC','IT',1
'CA','BW',1
'CG','TH',1
None,'IE',1
'CH','SD',1
'UM','DO',1
'PR','BM',1
'SL','ZA',1
'IE','KH',1
'DO','ID',1
'CL','ZA',1
'LB','YE',1
'IR','ID',1
'CO','SD',1
'IT','HT',1
'BD','MY',1
'CW','KR',1
'UY','RS',1
'MV','PL',1
'BD','GH',1
'CM','CU',1
'CA','SL',1
'AT','UG',1
'EC','VE',1
'IL','MV',1
'DJ','MX',1
'AR','SV',1
'BN','DE',1
'SK','CH',1
'CN','SD',1
'ID','KW',1
'CM','SE',1
'AF','TW',1
'PR','RU',1
'AZ','PH',1
'BD','DK',1
'AU','YE',1
'LB','GU',1
'CF','GB',1
'KW','IL',1
'AU','GQ',1
'QA','IT',1
'LI','NO',1
'CZ','FI',1
'PH','MV',1
'EG','PR',1
'JP','TC',1
'MY','GH',1
'DJ','AR',1
'LT','TW',1
'ID','LB',1
'EG','UG',1
'BS','DE',1
'RS','HT',1
'GB','YT',1
'DE','MR',1
'KE','MW',1
'CL','CH',1
'AT','PT',1
'CN','CW',1
'DO','IT',1
'ZA','MC',1
'WS','NZ',1
'RW','SG',1
'PR','IL',1
'MC','ID',1
'JO','CH',1
'CA','YT',1
'CG','BG',1
'VE','TT',1
'GR','SY',1
'BE','CU',1
'CG','SZ',1
'IR','PL',1
'CA','TV',1
'VN','TH',1
'MY','UY',1
'CA','GT',1
'IE','BN',1
'TN','MX',1
'ES','UG',1
'ZW','BW',1
'SN','DJ',1
'PS','MV',1
'MX','RO',1
'VN','NL',1
'GU','IT',1
'LI','BR',1
'IT','UM',1
'SG','MU',1
'AR','LB',1
'CF','AU',1
'NZ','MU',1
'VN','PY',1
'CL','AE',1
'BO','CO',1
'PL','KH',1
'GL','BE',1
'CG','PR',1
'DE','CD',1
'PS','TH',1
'SE','TT',1
'KZ','PL',1
'CZ','PE',1
'TR','MC',1
'DE','LA',1
'RS','LB',1
'AT','BS',1
'EC','PG',1
'CM','MA',1
'HT','FR',1
'LB','VE',1
'HR','FR',1
'LT','RU',1
'AL','US',1
'AR','GR',1
'CO','NP',1
'SO','IT',1
'PE','SI',1
'AU','MU',1
'IT','CW',1
'DE','AX',1
'ZA','KY',1
'AR','ID',1
'JP','JM',1
'KW','CH',1
'VI','PH',1
'LR','PK',1
'LU','IN',1
'ES','VU',1
'FR','RW',1
'MP','VE',1
'LT','FI',1
'HK','KY',1
'JO','VE',1
'SS','GB',1
'IN','RO',1
'MU','TW',1
'CH','SV',1
'YT','CA',1
'PH','MP',1
'LU','CH',1
'PR','BE',1
'NO','KI',1
'TR','TL',1
'TN','IS',1
'PE','IE',1
'MY','QA',1
'DE','FJ',1
'JP','CY',1
'CH','TV',1
'NG','SL',1
'CA','KG',1
'DJ','IN',1
'MA','KW',1
'LB','CO',1
'AU','RW',1
'PK','EC',1
'LY','AU',1
'IT','MG',1
'MG','GH',1
'CA','PG',1
'BG','CA',1
'EE','TR',1
'CN','CD',1
'SA','CN',1
'PT','SK',1
'IO','US',1
'PK','KM',1
'IL','LB',1
'US','SC',1
'CN','TZ',1
'IE','JO',1
'GR','IR',1
'MX','HN',1
'EC','PH',1
'VA','US',1
'NL','LU',1
'KR','FI',1
'ZW','VE',1
'QA','CA',1
'RU','JO',1
'PL','ZM',1
'SI','JP',1
'MW','CH',1
'KR','GU',1
'HR','TN',1
'NO','BS',1
'AU','DJ',1
'CA','VU',1
'CN','PA',1
'HN','GB',1
'DK','TH',1
'SY','RU',1
'AT','PE',1
'FI','SN',1
'CL','MA',1
'JP','GF',1
'BM','IT',1
'PR','UM',1
'DK','TR',1
'BE','PG',1
'BS','CN',1
'AT','ZW',1
'RE','BE',1
'KG','PK',1
'NA','IQ',1
'KR','DZ',1
'PS','GH',1
'NL','BM',1
'MY','MU',1
'KH','KW',1
'SZ','US',1
'LI','PE',1
'UG','NA',1
'IR','PT',1
'TH','MU',1
'NP','ES',1
'TR','CR',1
'ZW','KE',1
'KM','US',1
'BS','BM',1
'ID','CD',1
'JP','MA',1
'OM','FR',1
'PS','VE',1
'MK','DE',1
'SI','IQ',1
'CN','IS',1
'TW','IL',1
'AE','VG',1
'IT','UY',1
'MR','CA',1
'SG','SV',1
'CA','BG',1
'BJ','UY',1
'AG','CH',1
'CW','CO',1
'KP','CZ',1
'ID','MZ',1
'AU','TJ',1
'NA','FI',1
'CH','VE',1
'RO','SI',1
'CL','BR',1
'IN','KH',1
'RO','RS',1
'CN','SI',1
'CZ','TR',1
'NL','SG',1
'TH','ZW',1
'SD','CU',1
'IL','CG',1
'IE','BD',1
'CH','KZ',1
'PH','LI',1
'UA','RO',1
'CN','RS',1
'NL','RW',1
'PE','ZA',1
'CY','ES',1
'HU','IE',1
'KP','BE',1
'SY','ES',1
'KE','SY',1
'NL','PE',1
'WS','AU',1
'DK','SK',1
'CO','LB',1
'CY','BE',1
'TH','AE',1
'AT','PY',1
'ID','ML',1
'VE','BD',1
'HU','MK',1
'YE','CA',1
'HK','CL',1
'EG','FI',1
'PA','RO',1
'MA','PH',1
'MK','IN',1
'ES','ZM',1
'PT','MY',1
'VI','RO',1
'BR','VI',1
'KW','SG',1
'PR','AS',1
'CF','BE',1
'AQ','AU',1
'BY','DK',1
'JP','KW',1
'QA','ZA',1
'BD','PR',1
'PE','HN',1
'UG','PS',1
'PY','AU',1
'RS','BA',1
'FI','TH',1
'IT','MN',1
'NP','NZ',1
'KE','AS',1
'GH','JO',1
'BJ','NE',1
'TR','SY',1
'NL','AM',1
'FJ','PH',1
'UG','MY',1
'WS','IN',1
'NL','ZM',1
'TN','GR',1
'VN','ZW',1
'RS','PT',1
'PL','SI',1
'VG','IE',1
'GB','PS',1
'ML','ID',1
'KG','HU',1
'EH','ZA',1
'RU','PE',1
'CA','MZ',1
'ZA','HR',1
'KH','FI',1
'RS','MU',1
'KP','IE',1
'LI','PT',1
'BY','IN',1
'SK','RU',1
'AI','GR',1
'KR','MR',1
'MX','AZ',1
'SA','UG',1
'ML','VE',1
'RS','IE',1
'IN','MN',1
'BA','US',1
'CZ','CN',1
'TL','NZ',1
'SK','IE',1
'MA','SO',1
'BF','IT',1
'NL','AQ',1
'MY','BE',1
'PT','IL',1
'GU','TW',1
'UG','IQ',1
'IT','KH',1
'KR','GQ',1
'CN','PF',1
'UG','ES',1
'HR','MY',1
'GB','RE',1
'IE','OM',1
'KE','LV',1
'AU','PF',1
'LK','CA',1
'MY','PA',1
'IT','LU',1
'CN','KH',1
'BR','HU',1
'AR','KH',1
'BR','PH',1
'DJ','TH',1
'GR','PL',1
'VN','BS',1
'DE','LV',1
'PE','KE',1
'ID','OM',1
'PT','TC',1
'PS','SG',1
'IN','UY',1
'GB','ME',1
'NP','AR',1
'CF','CM',1
'GE','AU',1
'FR','GI',1
'CA','VA',1
'TT','ZA',1
'MA','UG',1
'AF','AU',1
'DK','UY',1
'KE','IR',1
'PT','LB',1
'BD','PY',1
'DJ','ZM',1
'NA','ID',1
'GB','MW',1
'VC',None,1
'EG','PG',1
'BE','VI',1
'CA','BN',1
'PS','ZA',1
'PA','AE',1
'PY','EC',1
'ZW','CO',1
None,'GR',1
'BN','JP',1
'TH','LY',1
'GB','GT',1
'SI','SG',1
'NP','PR',1
'KE','MP',1
'TJ','IT',1
'HR','KH',1
'CG','SL',1
'AU','CR',1
'DE','GU',1
'VC','GB',1
'ER','IN',1
'MC','UY',1
'UZ','SE',1
'GR','BM',1
'SE','CL',1
'LR','IE',1
'PK','AG',1
'CR','IL',1
'LC','CA',1
'CN','DZ',1
None,'CD',1
'BS','BR',1
'MY','KH',1
'KH','AU',1
None,'IL',1
'ID','UM',1
'PS','TW',1
'AZ','HK',1
'MG','YT',1
'PR','BN',1
'KH','CH',1
'KZ','GB',1
'CY','NG',1
'JM','CH',1
'RS','PA',1
'HT','VC',1
'RU','LS',1
'ZA','SA',1
'NZ','FI',1
'EE','NO',1
'HT','GH',1
'CY','TR',1
'RO','CL',1
'SD','DE',1
'CG','NO',1
'AT','HK',1
'PK','FI',1
'VE','MG',1
'SO','CH',1
'HU','IN',1
'NZ','NA',1
'GS','NO',1
'PK','RS',1
'BM','DK',1
'BD','RU',1
'FM','FM',1
'AT','EC',1
'SY','PK',1
'PG','VN',1
'DJ','NG',1
'SA','IE',1
'ID','MU',1
'CH','BQ',1
None,'KR',1
'BR','JM',1
'NO','NA',1
'EC','PE',1
'HU','AT',1
'PA','TJ',1
'CR','DE',1
'PK','GR',1
None,'HK',1
'UG','SO',1
'DZ','CH',1
'PG','UY',1
'NZ','DJ',1
'KP','FR',1
'SK','NG',1
'CM','EC',1
'MZ','AU',1
'ID','PT',1
'SY','SY',1
'BH','AR',1
'KM','JP',1
'BE','ZM',1
None,'LY',1
'CM','CO',1
'PS','MA',1
'LI','IN',1
'TR','DZ',1
'VE','RO',1
'PH','CL',1
'ZA','SZ',1
'CA','GI',1
'FK','US',1
'NZ','CZ',1
'LI','NP',1
'BF','CL',1
'FR','TZ',1
'BN','NZ',1
'NZ','SN',1
'AE','BR',1
'PL','TN',1
'NO','KR',1
'AR','TR',1
'PR','EC',1
'RW','TN',1
'MY','AR',1
'PH','DZ',1
'SD','TR',1
'AL','NL',1
'BJ','CA',1
'HR','AI',1
'DE','CW',1
'CM','NL',1
'NP','TH',1
'CF','MW',1
'RU','BM',1
'SK','TW',1
'IN','LU',1
'TC','ID',1
'IN','DZ',1
'PG','CH',1
'SE','HK',1
'PK','SL',1
'AS','FR',1
'SI','PA',1
'IE','MC',1
'CY','SE',1
'LR','FR',1
'CZ','BQ',1
'NG','CZ',1
'EC','CH',1
'CN','IL',1
'CN','AT',1
'CO','UY',1
'CA','LI',1
'RO','IL',1
'CN','AS',1
'BJ','NL',1
'SO','BD',1
'VA','GB',1
'RO','MK',1
'MA','NG',1
'ZW','BR',1
'ZA','LR',1
'EC','DK',1
'UA','IT',1
'HK','PA',1
'ES','ZW',1
'CF','GR',1
'CH','HN',1
'BE','MG',1
'ES','AL',1
'PT','PR',1
'SY','DK',1
'DE','BB',1
'GR','TZ',1
'KG','GB',1
'SY','EG',1
'FR','BH',1
'DK','CZ',1
None,'DK',1
'UY','VE',1
'AZ','NG',1
'SK','EG',1
'TH','QA',1
'PK','CZ',1
'IN','HT',1
'SI','AU',1
'ZA','MP',1
'VG','FR',1
'PK','TW',1
'JP','AZ',1
'CN','SL',1
'SD','MY',1
'IR','KE',1
'HU','TR',1
'UG','ZW',1
'MM','GR',1
'KP','DE',1
'FR','HU',1
'PT','TH',1
'BR','HR',1
'JP','KG',1
'IT','JM',1
'HU','CU',1
'SY','IE',1
'NO','SI',1
'MA','AU',1
'GE','GE',1
'HU','BE',1
'VI','NZ',1
'AZ','PL',1
'HK','IS',1
'LI','JO',1
'FR','MZ',1
'NL','EC',1
'GM','KE',1
'PL','EE',1
'DE','TZ',1
'CH','SY',1
'CN','MP',1
'MY','CZ',1
'CN','QA',1
'ID','KY',1
'EG','EE',1
'HU','LU',1
'NO',None,1
'SE','CN',1
'FI','OM',1
'CR','ES',1
'RW','BN',1
'CL','PT',1
'BE','MV',1
'NO','SG',1
'CG','PL',1
'LB','GR',1
'TR','ZA',1
'MK','BR',1
'ZA','BB',1
'TJ','IN',1
'CA','CG',1
'SG','MX',1
'RU','SI',1
'IQ','AT',1
'TH','VI',1
'DE','KY',1
'DM','GB',1
'PL','TH',1
'PS','DO',1
'IL','BS',1
'KE','MU',1
'AU','TT',1
'PT','MU',1
'EG','GR',1
'PR','BR',1
'CZ','NL',1
None,'CN',1
'PH','GF',1
'CA','GS',1
'GR','AR',1
'DK','MZ',1
'SI','RS',1
'KW','ID',1
'ZA','VI',1
'HU','BR',1
'VI','IT',1
'RO','AT',1
'NO','BD',1
'GR','SD',1
'NG','BW',1
'IE','IO',1
'PG','DE',1
'SG','VU',1
'JP','AL',1
'NL','GH',1
'SG','CO',1
'IL','IS',1
'GH','FI',1
'VE','PL',1
'AR','DK',1
'IL','TH',1
'PL','AQ',1
'PY','NL',1
'AG','UG',1
'HU','AR',1
'CH','RW',1
'CO','IQ',1
'ID','DJ',1
'LB','MV',1
'IN','BN',1
'IE','SK',1
'BM','CH',1
'KR','NZ',1
'AI','GB',1
'GH','CM',1
'IR','PF',1
'LS','ZW',1
'FI','DK',1
'MV','BD',1
'IL','ME',1
'AF','PK',1
'MR','GB',1
'BH','GB',1
'PS','BE',1
'VE','UY',1
'LI','AU',1
'GL','AU',1
'AU','ZW',1
'AE','SD',1
'CH','SN',1
'RO','HU',1
'BS','ES',1
'ES','MG',1
'DE','BG',1
'BB','CA',1
'DK','AR',1
'UA','AT',1
'VE','HK',1
'FJ',None,1
'BQ','US',1
'MR','NL',1
'JO','MX',1
'GB','DJ',1
'TW','GH',1
'KR','LA',1
'NZ','EC',1
'SN','CF',1
'SD','EG',1
'JP','LY',1
'NL','MU',1
'PS','PR',1
'AE','HT',1
'IE','VE',1
'GB','SH',1
'PG','SE',1
'SO','IN',1
'CO','QA',1
'IM','AU',1
'MU','ZA',1
'TZ','IE',1
'NA','MZ',1
'TH','LB',1
'RS','SE',1
'DJ','SO',1
'SA','RO',1
'KY','SE',1
'KP','LB',1
'IT','BM',1
'RW','CN',1
'CN','SN',1
'IT','AL',1
'LK','CN',1
'AG','BN',1
'MA','HT',1
'SN','AU',1
'TT','NP',1
'LC','US',1
'IQ','JO',1
'PL','VN',1
